,0,1
0,5f590727e9e993bbb14ff9c72bfe67eb.drebin,9.093531049692016e-13
1,1478a3615708882d57111ad713542f9b.drebin,4.013160290194939e-11
2,c8221fef88a190810307d13498569d48.drebin,0.04522538185119629
3,7b704086c52056e81fe3a8070bbd1ffc.drebin,0.0013521264772862196
4,35e24b484efc082f7164854faef972df.drebin,0.0011675567366182804
5,4446e1f537f80b11de4ef19893dc0463.drebin,0.0035303286276757717
6,3128176e70c0b83af03cbfa64d66607a.drebin,0.0010233375942334533
7,9ccb663653135319b9e9c94aee0d1b7e.drebin,4.013160290194939e-11
8,9aa7275870cc2bceae9c0cea50b5a557.drebin,1.024626999424072e-05
9,27b47f71ae3c5d59540a4e0ae919119d.drebin,0.714155912399292
10,93793b9d57a7352b0fd7f81f9db57b69.drebin,0.04369479417800903
11,a875ebfa45d7bfb5c69a2d03cae20525.drebin,9.093531049692016e-13
12,bad167c3b453604fb703ff41799220e7.drebin,0.0004707546322606504
13,f7e88e00545a38e5b905ee4fe354855f.drebin,0.005876733921468258
14,87781faac45f01a4a6461415f33671cd.drebin,2.3864353689787704e-14
15,675cb697043f70352637fa0682c89fde.drebin,1.0722943670771201e-06
16,e2d1f0db42bf630b3b1caeab50743583.drebin,4.013160290194939e-11
17,9238f74bad93107766f4fe635c31deec.drebin,4.013160290194939e-11
18,93d5ac4459fef35a9a6c4619a92f2323.drebin,4.714643000625074e-05
19,3f95c11b64e8670a6263bb0a0f94e95a.drebin,9.884789324132726e-05
20,052a701de3fe683d45cd17ab8c92df88.drebin,0.007467095740139484
21,5ad3b641da4c85b6ba3f0ff539e25524.drebin,0.02135273814201355
22,8cd47f68c4e50cf312423e5f19e6caef.drebin,0.0017397953197360039
23,26e1dd5486d64149d50fe8fb6b7e6e03.drebin,0.005876733921468258
24,10c68c8f39b4c306c0a7266e4d37ab74.drebin,1.024626999424072e-05
25,723879fbbb1e6489d9556c32cf452595.drebin,0.0017397953197360039
26,8e97ed6da4349b846a9c4929a12d2bb7.drebin,0.005062266252934933
27,cc06363b6a7800f773750a7f1cb21489.drebin,0.05280735343694687
28,0f0c05633dc9d182be5a930abddd1641.drebin,4.013160290194939e-11
29,6a6dfc606bc9ff52a4b01c31e7b885b6.drebin,4.013160290194939e-11
30,337cd93b79c727cc4505605c02fb7470.drebin,4.1901469671756786e-07
31,2fb31d0152997ae27751b2d5ea5c41af.drebin,0.5951243042945862
32,720e370941054cec9898bab7ba85ae1c.drebin,0.03924683853983879
33,5194281cdfee436bb8ec7a0eda18176d.drebin,4.961473940023886e-11
34,704084364970722289fc767a2f0ecb87.drebin,0.0017397953197360039
35,4abb56b297605938582670ea8eeddf8e.drebin,0.11950516700744629
36,7eafa8b0a70cf4e9b051c619ad4ad13d.drebin,0.0009865937754511833
37,3d1e94d4899d7cf8312bca97bdf6a0df.drebin,4.013160290194939e-11
38,a3318dc3901ddc37be45586adae2b5b9.drebin,0.02732023410499096
39,30cf8eca4792816c913ae588dff447ac.drebin,0.006270491983741522
40,75fa56e51b2f763d81c247eaeb57d956.drebin,4.113495322144445e-08
41,f797139d648c2a8504c25b9e886d5157.drebin,0.3963966369628906
42,a0385df1182a552d55a13b4e8eebaea3.drebin,0.3435308337211609
43,ef6003e98b491fbcd137f4a6e737ed18.drebin,2.1533230060155617e-11
44,1b18fbe574ee7197ff804f85d83edd56.drebin,0.0017397953197360039
45,34e9965946a00235513e49ca502b74c5.drebin,4.013160290194939e-11
46,82da1c5902572d27613b04972914be46.drebin,9.523064363747835e-05
47,de681d96acf5cb5b5c4fe74e894b2a12.drebin,0.006270491983741522
48,9238b750b1c9d161270f2d3f1c79b5dd.drebin,0.0035303286276757717
49,f157530e267286322f19027d4a70ad65.drebin,8.324605005327612e-09
50,f3a029ffbb9a25954f4b83e4bd78b4a2.drebin,0.04369479417800903
51,9ab6cc575dc6d8e4cc0581cdea7a5114.drebin,0.03787418082356453
52,0deab75eb09aa379127966e905faedaa.drebin,4.0245264244731516e-05
53,bc16edd6a039c8d30e9092fec00e8026.drebin,0.0017397953197360039
54,e34b962a5f6806b23a505db8f1967cf2.drebin,0.003802440594881773
55,5070a654dac98baa645a0fecdbc3715d.drebin,4.013160290194939e-11
56,a03eaba78acc82f99a7aadbb1671cb85.drebin,0.0001061683869920671
57,acf9bead4798101174cb9270623878f1.drebin,1.990498788018158e-07
58,1ac097277268ed7cda5c910fe6be9a83.drebin,4.013160290194939e-11
59,e6585993d70c6c4490ab8ee9dd3f15a4.drebin,2.889833988425905e-12
60,71497864fa0c22c2681ce60d8ffb3aa5.drebin,0.006270491983741522
61,0d227b1977799a1e0d41cacf2d3cc2f5.drebin,9.757932275533676e-06
62,aefd9876d4fb739cbd76b16d19bfbb20.drebin,0.18655043840408325
63,00d41cb8eabffec00272b0a4574cd6c9.drebin,0.0011675567366182804
64,4857a57f41f6ce078e98624e9e76239f.drebin,0.39561927318573
65,e57526c21b09635c70f1d90da28f5ef4.drebin,4.013160290194939e-11
66,f7c3c4c96068809e406f751caf4145bb.drebin,0.0035303286276757717
67,ba5fed3dba8d66547548c1e73c2660d0.drebin,4.013160290194939e-11
68,b908bfc6e4b4506f12d8a1e81117115d.drebin,1.1032339486405363e-09
69,1bfefe494e49abc44c552712886d8966.drebin,0.0017397953197360039
70,55128269aef5a5c0040acbeec9cbda83.drebin,0.0035303286276757717
71,3c0eff790bc073c6d8e3a2b7e9cdf139.drebin,0.0017397953197360039
72,3abe1a5b9e1bd5a73da656562eeaac2e.drebin,0.0017397953197360039
73,32daad224096274fcb78a1e787e3398b.drebin,0.005876733921468258
74,848d2bccc8fab049e56e908925ea2fa2.drebin,0.006270491983741522
75,90beb963d1ec93cc0a9b586c9de6468d.drebin,1.0750276402404779e-07
76,580c17f0c6ff6b2fa028c715b1826e9a.drebin,1.1010038214465112e-08
77,d489f0c74c73a3f83ace6a52e30cd095.drebin,3.3529265475173986e-10
78,85f12da7daa390d1a7c604bd2c249c2d.drebin,0.29996711015701294
79,851cb74a21617c37b137353984b71131.drebin,0.0035303286276757717
80,76446bb35bd0fac07e1f0054aa01b0cf.drebin,4.013160290194939e-11
81,dfd438cfd7cd8fef5660555f96787b05.drebin,0.00011495369108160958
82,c1226c21c640f906bd535e9194b039f9.drebin,0.006152376066893339
83,9ffa5ecf031c296c00f747124680e156.drebin,2.0195499786379578e-11
84,747c4f55bcafd1a77aa9caec900435f9.drebin,0.0017397953197360039
85,40a480bd1fe70a3d407575bc0e4e5522.drebin,0.0017397953197360039
86,08f24f5ea95ef45d933dff26bc193cbc.drebin,2.1533230060155617e-11
87,6b85a6fcff5d35367262db362e127ff0.drebin,4.013160290194939e-11
88,5fad3e54bff2b2e7ff0acd5d4c8f7133.drebin,0.0017397953197360039
89,92e9cafe35e2dbbd49d8c4a8eff4bbfe.drebin,0.0035303286276757717
90,af5897d0df92d2c4ef720e1e667ad3d9.drebin,0.02135273814201355
91,908c67bf3d18d782461a4483746cb5ea.drebin,4.013160290194939e-11
92,522ba9086546aa7774cf184383374c24.drebin,0.13478535413742065
93,ece2f86b3b565686551511e52b3d6384.drebin,0.006578259635716677
94,f7b184d2bba3e5189f137f49a526b4e7.drebin,0.007654343731701374
95,342252d9ac8becda9ee5b7f572a58caa.drebin,2.3864353689787704e-14
96,67c413686e2e9b1579fb37199db6013e.drebin,0.09899023175239563
97,a72f20fd52fe7b4201fe8c19cb1babe1.drebin,0.005062266252934933
98,ecdf07fe040ba9faace538ee67eb4fa5.drebin,0.2737995386123657
99,73cc1242f91b85dc2c38d406d8eee32c.drebin,0.8721986413002014
100,69da9a385f08555ffa79bbdb92d15d2a.drebin,0.0017397953197360039
101,946cf4dd8ec74492f00f92e8d51b43f5.drebin,0.8721986413002014
102,a12131bf43be3a7d0b104c524d474d94.drebin,0.006270491983741522
103,c2ad9c9e1feae3c7e539e6317f58a8f1.drebin,1.7138958128271042e-06
104,f6f120f0d0588aae71c48255c1fffe94.drebin,0.003802440594881773
105,e42a8e50fd30d95333733c7e29551bd4.drebin,0.4143878221511841
106,e8630f57e84fc43a7ffd7115c3e7b295.drebin,9.093531049692016e-13
107,3748e4fe8068b4945284530c07eeeeea.drebin,0.0004707546322606504
108,0e785a88da5a6c5a7107dec2086b5683.drebin,0.0002488737809471786
109,3573ce549f76c21cbee33f266297bb69.drebin,0.0004707546322606504
110,1760711c53c3f9609168f45605b9442c.drebin,0.006270491983741522
111,7e1efb3c6fbf513e43e2444cc1ffd322.drebin,4.013160290194939e-11
112,09fd4f158551155cf2ad1a031fb94577.drebin,9.093531049692016e-13
113,bff93601fc9069e368c62c894e0a753e.drebin,0.004486699588596821
114,f95addad322aaa8d5662176490ef7680.drebin,0.5341313481330872
115,a355f368f48ce0131a6b701de80cee05.drebin,8.466699000564404e-06
116,28dfbfa3cc26b488d413e48e34d226e2.drebin,0.005876733921468258
117,50e6d776c5cb6ed239c3bfd121357300.drebin,4.013160290194939e-11
118,b552ef412eeb556b44ebaa73457cddf0.drebin,0.02135273814201355
119,f0f177c35b4c84cfb0c1a13d0894d5d9.drebin,0.0017397953197360039
120,bd0d75239e7d9774c19a316d4cf1a167.drebin,0.006270491983741522
121,4bec038ced39fa495a34ae821fb0edd4.drebin,4.013160290194939e-11
122,ddcbe8c3d0efc46bc9672e4ee5e3161a.drebin,0.00010779613512568176
123,65ef971778a2cfe92436a66f6e67f946.drebin,4.013160290194939e-11
124,3847b497f6efdd2c92812589a8d7f2ce.drebin,2.0195499786379578e-11
125,44784f40e6104e1ff87738821b3e1d03.drebin,9.093531049692016e-13
126,4ac35fc82bf1db2c8a41ded128609f2a.drebin,0.0011675567366182804
127,15786ebfc7e3662f53280c4173d97fb5.drebin,0.006270491983741522
128,228da445599374c2311afca65091b5a3.drebin,0.0035303286276757717
129,d897510abad9892a2b50cae80996e112.drebin,0.0004707546322606504
130,dd7e908aaf6a58177f94a0d850c6cc8a.drebin,0.04657559469342232
131,47d054b093b2da007b06e5beaae8ed19.drebin,0.005876733921468258
132,d857a95185943825533dbf3a936f08bb.drebin,0.005876733921468258
133,f740f73330ad41d7c962aec10ecc6872.drebin,0.714155912399292
134,53ae14fd48ee60649d10dbeb72f8342c.drebin,0.02135273814201355
135,b94416706b9abe4bf3ffb3502cdb8a65.drebin,0.00691754138097167
136,f866e325d76129a8dfc4600b8caa7799.drebin,0.00013074596063233912
137,f2badffecd4d9177d20cb2c9e0812093.drebin,1.281938583064246e-10
138,70ba2343e79fb45e6d744f9bd8e4cf00.drebin,9.093531049692016e-13
139,87d2e194a7c7defba2639840da1da7ac.drebin,9.610607776266988e-08
140,37b1ff263144da17a95100664fdf8f2a.drebin,0.0009865937754511833
141,1a5ed708049f44bbc607e52fc514a554.drebin,2.591001930341008e-06
142,544d2f80bb3da7c876ac7287f6b81271.drebin,0.8876286745071411
143,76510fd7b9d517fd2d6649ac30b71904.drebin,0.13478535413742065
144,4010b5577ebf2a2c1ea4759d62c0cecd.drebin,4.013160290194939e-11
145,4c5a8a6a338a519d6bfd83859292b039.drebin,0.005876733921468258
146,a6bc640744739b02b073babae08b5176.drebin,4.013160290194939e-11
147,7df32bd4d7d54d3d82328ad780bc1a7c.drebin,1.399726443196414e-06
148,8bc4c7639d12395a53a4dd4f3bf4a714.drebin,5.069477424513025e-07
149,0d768b00e4d3ba1dc97c2398791f2132.drebin,7.465573048648366e-09
150,cd143d80f4ab35af6a269266ca99ddf3.drebin,4.013160290194939e-11
151,4c89523a0f15bd2c069fdd3174f85403.drebin,4.013160290194939e-11
152,fb2c2dad39e17e7b7ee73d590a35a922.drebin,0.00195605237968266
153,f9f475d8807310e3d30a6ed096fba222.drebin,4.013160290194939e-11
154,511bfab2b398ef8b2b09e905e00d760f.drebin,2.0195499786379578e-11
155,8ceb871767a577d7a962140194337c9f.drebin,4.0946055378299206e-05
156,fecc2b7a0de88aa4ccbd28ed0bbb8644.drebin,9.093531049692016e-13
157,48e87e7f6b69f429f824648210552743.drebin,4.013160290194939e-11
158,fc923a13c9b155eb897643db587b6d33.drebin,4.013160290194939e-11
159,6fd697d51a00696d0b37729ea056bb9e.drebin,0.005876733921468258
160,b87966ca5eac43a34b29358d69f506f1.drebin,0.006270491983741522
161,c452b7acfb5eec7890ae6ab42045d725.drebin,0.005876733921468258
162,8433b869504351fe5bb487c38c48b7cf.drebin,1.1039983149885302e-08
163,c086f1e614f222f67ace56b9e1c5d1fc.drebin,9.093531049692016e-13
164,104faa23c600082078bdcb6dea05a7e1.drebin,0.000335501303197816
165,1b1ac8dc4348f8561039c6ea5f0ae96e.drebin,0.0009865937754511833
166,f32900c2039c89a0abd5ab7a7e291965.drebin,0.0017397953197360039
167,0fceff82c20510a25b567b918217e35f.drebin,0.0017397953197360039
168,285265acc5b59453b7e2812d1bd3d82e.drebin,4.013160290194939e-11
169,bde3ec257219bb0652eefbba4221b7cd.drebin,0.22544413805007935
170,bb6e208af4aec44e9ba1fe85610d9732.drebin,2.7865713491337374e-05
171,5646db47b2dcef2ee2ee04393a5eafc0.drebin,4.013160290194939e-11
172,90081e9f80ea3bc39de483f6a45aaefb.drebin,0.04848754405975342
173,859cde13a31d2c1840f55382758042dc.drebin,2.838032209240282e-08
174,faf2c4b6368a2ca462349c8abc1a201e.drebin,6.731777102686465e-05
175,694df049a5c98713932a756171c5143c.drebin,0.0035303286276757717
176,94334f238965bdf6e32af92ce8363047.drebin,9.093531049692016e-13
177,438707240a4fd71370a188938856c9e7.drebin,0.0004707546322606504
178,f84a28b0c4efeb9a20006b874e1aa43c.drebin,4.926484775680251e-10
179,5d6ec23b2152554830718236993bdd22.drebin,0.24868744611740112
180,06538b6121e2475ca36bc7c931497402.drebin,9.093531049692016e-13
181,07f77dec7f74cb32e42c15e05ca953a2.drebin,0.0017397953197360039
182,e07f798ebfb6170eb3b4a6b7441800d1.drebin,0.004486699588596821
183,caa8f6babac732ac997c27b59eb3a0a3.drebin,4.013160290194939e-11
184,5784da3b58505ae57b989c01748bfb76.drebin,1.7138958128271042e-06
185,9503d622e44a7e4c7e76dab043b4b441.drebin,4.013160290194939e-11
186,77bbcf2727c5c28e89d0bf4d2cfa36e9.drebin,8.950705705501605e-06
187,afe0718f1547518ac443b2240438675d.drebin,0.0017397953197360039
188,52bd43727fa24873b38e4aeb781cc43a.drebin,3.13398480500382e-08
189,de57adce7e6558104b77002f5edab546.drebin,0.005062266252934933
190,28bf2494e270573ada86f64195d95e3a.drebin,0.003802440594881773
191,49218100a2bbb0d79d1fabcc13384763.drebin,0.31452256441116333
192,10a83462c9918f07ae5613138afe6b94.drebin,9.093531049692016e-13
193,a6c775b2281f6105a4fe4bb72fd8e782.drebin,2.3864353689787704e-14
194,1d8e495dd32009d35e9a7f70cfc47fe3.drebin,4.013160290194939e-11
195,bdeb203b3a2b4af7b5f50b11ae2a3da6.drebin,0.4926895201206207
196,80c278f18e2b9bd9deca526881245fe6.drebin,0.0018819334218278527
197,764efe86f965375b656aa21c37b2bd16.drebin,0.2083636373281479
198,7f34df0a74e31178f4533b3a4e6fa3a6.drebin,1.7175739996933004e-12
199,f9108a9f1f903691f14948deb557753d.drebin,4.013160290194939e-11
200,3e3890fbaf6fd6fb1d8619707b14cdef.drebin,4.013160290194939e-11
201,cc0c3453c657b91c94b873d6d61037a1.drebin,4.013160290194939e-11
202,eb8920521e669483b372ffe9bba734e4.drebin,0.0017397953197360039
203,5f4eb63e2d4bf513f0c0e4bebdbf475f.drebin,0.740085780620575
204,f1250bc854af8d5083ae91e78c2252dd.drebin,0.46927008032798767
205,730a2850a4fc72fec6d2125ae1f92f9c.drebin,1.9025923059245997e-09
206,702e3bc5e5ece1a71b134e840f9c5a59.drebin,0.3288590908050537
207,22fee170f69fb7c9362fe93f2ef5a67d.drebin,0.003802440594881773
208,bd30204ae027fa7aef80199006481c7c.drebin,0.0035303286276757717
209,4f3e07fec0442af1fd1d121fa7a46c13.drebin,0.13478535413742065
210,f559eeb44e392c5ed7701b5512ca9061.drebin,4.013160290194939e-11
211,eb71496018c92ed81eaee061436be8bd.drebin,0.22192814946174622
212,a3bb97aad0b80d48b641cd602407779c.drebin,0.00015543968765996397
213,19f8f9e6ac24b96f3f6ca77bd9e5e48f.drebin,0.0004707546322606504
214,d232f20d95f97147c36ec246c8a140a6.drebin,0.4635671377182007
215,3b15e154911ee5693d6f93e8243f0722.drebin,4.013160290194939e-11
216,b12820a9ff6c737ca1ae8cfd474d2a58.drebin,3.0391420491326926e-09
217,569505e76c4097eca63293848e9403a3.drebin,0.0004707546322606504
218,96c7b68972296e42a381b1342642021c.drebin,0.04369479417800903
219,ca4251776a93c64bee1daa4b1043e2f5.drebin,0.02771204710006714
220,126c289d321123eafc40f0a3157c059d.drebin,0.006578259635716677
221,da863a1ad7c075d325dc18bca076f90d.drebin,0.0004707546322606504
222,621a2dacc7d656f820fed92d484fefa2.drebin,0.0017397953197360039
223,a1fa018aa0623119c2230c0b91ec044b.drebin,0.0035546631552278996
224,25f13d2a7804a3a8a9616d2800bc3834.drebin,0.021335484459996223
225,0030e0003b7226e9142683e49b41a423.drebin,0.0035303286276757717
226,54e8ae1fc7ac447dd692e62e199cb777.drebin,2.889833988425905e-12
227,e202ca657819e9dc31f13e8203b7b4a9.drebin,5.115468226790654e-08
228,54e9d7ce94544e66286e6a665b5cc0e4.drebin,8.466699000564404e-06
229,cd2b4c454fbc395c19f66c7e11691883.drebin,1.7980548994156464e-10
230,0f7ed6926787416a297437162711fc22.drebin,4.013160290194939e-11
231,d94a750fcbd7248e30e188d3d55e772c.drebin,1.0363394267187687e-06
232,a9edfc77aeaa93d239b26b1b051961fc.drebin,0.005876733921468258
233,f2a002d40c320f32fe2801419f82af33.drebin,0.13478535413742065
234,881570015f0929d6f7f15434748ad4dd.drebin,0.15351301431655884
235,036f22fd93bfd7d58f44b69b8dbad010.drebin,0.0017397953197360039
236,846c5b7f83b9dbc889b966b455e3f6bc.drebin,0.0035303286276757717
237,5f27d6b0a721a0d1f464f8d44a0ece54.drebin,8.466699000564404e-06
238,d2f26a2b813ff60028a1c80b79002ad4.drebin,4.013160290194939e-11
239,9576ed9e62ce2f902dcde558b06aae04.drebin,0.003802440594881773
240,1c4abcc25e91e952fdf99e20624f3629.drebin,0.011896603740751743
241,fe6a7522a20b60a29efbb07d364fab97.drebin,0.0029460247606039047
242,6df76f031786d0c449b1b29e7b978fab.drebin,4.013160290194939e-11
243,aa5aa077f2ee20eb40bd800b0f3eb326.drebin,4.909709969069809e-05
244,fadfc92a028f1087cf85f98251c52ad2.drebin,0.005876733921468258
245,cf5896c83b41129e90d6347114e24321.drebin,0.004373121540993452
246,8c1ca8211e034741e8aaeb841ffd9994.drebin,4.013160290194939e-11
247,2620dd1ac89bef15e12e2100a1dcc02f.drebin,0.00942069012671709
248,62154a046c9a4a07dc6595a184ca9cd5.drebin,3.343269838751439e-07
249,19dcef1df09303d277304b106833f2d4.drebin,1.347038778476417e-05
250,f5b586410b1990bcaee86886d32a924f.drebin,4.6901846989522156e-11
251,48f9ccba9ef7ae59daf5895acf7dde31.drebin,0.006270491983741522
252,f40db3cb21344bd0c4082bf23a0dab6a.drebin,0.0017397953197360039
253,054856eb8476577e0b9179c2a963e15d.drebin,1.382650793857465e-06
254,e36515dd1ed36eebf6d7a74f98876429.drebin,0.4143878221511841
255,b885ed8bf31c540c6270a23eea7dc334.drebin,0.0960707888007164
256,3a11c05b8212f531242aa5d85bd10dbc.drebin,0.005876733921468258
257,729f8e1175ff7aa63a692952c8a89b86.drebin,4.013160290194939e-11
258,64de83eba9a760fb35319a2a73984252.drebin,0.021335484459996223
259,40d6d47761fa302a47f691f3dec02abb.drebin,0.0017397953197360039
260,7cefe3273715cc65e9529fad3ab47f85.drebin,0.0009865937754511833
261,56cf05a3a6bb3169bd2a3745206e34b7.drebin,0.0017397953197360039
262,a2683eee47580e38ced1ba8dd63c7b4b.drebin,0.0029460247606039047
263,3d34c0642bb5b49b3c4eb50a61695b32.drebin,1.1861137636515195e-06
264,ab76282517b8714f256d2bea880a1439.drebin,4.013160290194939e-11
265,5cca5b2da9322fa2b012a77c0bc07363.drebin,4.013160290194939e-11
266,a66568bb4a0def02597570966b85a056.drebin,5.435578259493923e-06
267,4dc6a65ed236253602a9fd10b6fb5409.drebin,4.013160290194939e-11
268,3af256a4ad72ac9912874b179254dc5b.drebin,4.013160290194939e-11
269,a7004247d9a089f9c9b958088bedd491.drebin,4.013160290194939e-11
270,50e3263ec5d8840ac83c8b93eb73b8e0.drebin,0.0009865937754511833
271,60a1caf8cbc258b685cc25b322493448.drebin,0.0029460247606039047
272,176f9c39ad0d04a1e5f53fa69dd89f66.drebin,0.0017397953197360039
273,373f61e7c0aa957fbfbb4cf78b17624f.drebin,4.013160290194939e-11
274,c5eb6b68e89bb80fe5192759d1ac11dd.drebin,0.2642992436885834
275,e9181c4c8f82e7ab2448ac5f9a94339b.drebin,0.003758206032216549
276,cb72b975f52dec74ac72937986d555bd.drebin,0.0004707546322606504
277,ca5126eb4df83f18967821bcb329d268.drebin,0.006270491983741522
278,017f298a1bba095f1694bb7825b10e56.drebin,0.4910861849784851
279,73bb316f29c18bcda067392ce11aa3ac.drebin,4.013160290194939e-11
280,73f3d5ab90d2a5150606c80dac7d6062.drebin,0.02135273814201355
281,af459a0596e90a4b352198e33a75c545.drebin,0.0003400158602744341
282,e879199bbbb685f8f54b80511b2f0b09.drebin,0.0017397953197360039
283,f290cc9c7ce6f5c041bc991d626a46b5.drebin,4.013160290194939e-11
284,d3411c72f44c367a06d4236ec6335e27.drebin,0.0035303286276757717
285,407d374672d66d091dd160b28a05554d.drebin,0.000336542259901762
286,d3542f14886294037657440f37827612.drebin,0.005876733921468258
287,f6a59823a45cebdc7aef6be125406703.drebin,0.0004707546322606504
288,bedc790f53cb984fbd7b1943a9ac8a61.drebin,0.004612958524376154
289,b9bfb84879d61cb9d370288f5d4ea5ae.drebin,0.0035303286276757717
290,540f6ca720d346930c8604b89eb07bab.drebin,0.2642992436885834
291,a52f11672ebf0c2a94ad7821b37eb109.drebin,5.117114596941974e-06
292,f1a50af2ea83d2ac85bdb83cf363ffbf.drebin,2.7893957505804217e-15
293,bfedb3d62bd4e877c036fc6df08496d9.drebin,2.3864353689787704e-14
294,f4509e96b501834ef08806c670eb4b45.drebin,4.013160290194939e-11
295,4d045a5acd5f84d08dd42879c6374528.drebin,2.1533230060155617e-11
296,c9f893248631b1e017df687eb778dad5.drebin,8.466699000564404e-06
297,d7434ee81a50d7af6c87b64943f2e9c6.drebin,0.0035303286276757717
298,8a58212686326baad312f61b3951d6a8.drebin,0.0017397953197360039
299,557d581858147410787877330f76e87f.drebin,2.2314161185477133e-08
300,e10dacd61fb5d46a61bba56e058bec5a.drebin,6.080946945985488e-08
301,ebd6465e40e4f0e518a7c93f844840f3.drebin,0.0009471774101257324
302,d6367b1e40f6634927b9c6ca9fb06e7d.drebin,0.00010081132495542988
303,c1c58074f78d5b85a65af68d1680e0f8.drebin,0.00010751430090749636
304,a36259b47d63685dbd30830f36d7238e.drebin,0.24479931592941284
305,640ae61fa593b8d7fbac2fe83080ed91.drebin,2.7865713491337374e-05
306,39687d3d0f9234e743618bfb18306054.drebin,3.7743272396362215e-10
307,7d531bb082f144af2987d13fb6da238e.drebin,0.0017397953197360039
308,d9e1ceea8b0e48bbea965eb35a95ef82.drebin,5.33547051873029e-07
309,712b877ef1c23e338b6c13d847d334d9.drebin,0.000768513884395361
310,65935bae93b11586e73c49f4e5ed8b3d.drebin,7.386304787360132e-05
311,6128072d3ec62da325d7959556ac9790.drebin,9.093531049692016e-13
312,a3154382f1fa14be935d4be2f58b0616.drebin,4.013160290194939e-11
313,e490d60a721fc548061ceb26c860cf3c.drebin,0.24479931592941284
314,baf6e4dc1e11c312d507fe01134a02dc.drebin,4.013160290194939e-11
315,28aa3d422130eb663dfd482d4e74b596.drebin,0.0017397953197360039
316,fc9e9456976a98f566a7a56ff8821cd4.drebin,4.013160290194939e-11
317,4204419f6dd44a68c3733af0ed40d3a7.drebin,0.03259937837719917
318,2119dcf3a41341cdcc5dabf69a667467.drebin,4.013160290194939e-11
319,b0d3e40eabb37ce1e4814a5d316c5b17.drebin,4.013160290194939e-11
320,3addea2cd9b86ecc907825cb2a0d175a.drebin,2.3864353689787704e-14
321,5241d97e3b5c10ee19500e5962c09317.drebin,0.14783111214637756
322,819fae62ea773f67c72f1d6660a40e71.drebin,0.005876733921468258
323,01897d8b1d28baa26ca27844c28c4df8.drebin,8.523057953846447e-11
324,c19eaee412b4ef28c5975ebd3d26b8d5.drebin,0.04369479417800903
325,e6acfde0d39e6707116e74fea23a42b0.drebin,0.0009865937754511833
326,9928e81dadb1d6a5973ae76e13c0b248.drebin,0.0035303286276757717
327,2e27344eb8a0bf229c5f77f5ec2582e8.drebin,9.093531049692016e-13
328,6ecea13b2e2973e3e9f6d536a4e529cf.drebin,0.00011893943883478642
329,76571e99a7c153111e34018bc6477bf7.drebin,2.1533230060155617e-11
330,571dad03d32a255c24ea9582713f2e7c.drebin,0.042938780039548874
331,19d9461a7c197473eb346539d1eb9a4e.drebin,0.04369479417800903
332,9101eab1a8a8a9f5e37be4f8eedb2a37.drebin,0.0017397953197360039
333,cdf6ae53b87f32a4ef630888a46b8870.drebin,2.0195499786379578e-11
334,2dcddc072c79f79375490fdb6a19daeb.drebin,0.05827627703547478
335,e633c90cd47b5faf5890f88b29569003.drebin,0.006270491983741522
336,e14234f685cb7f3c541f684ba7f37b2f.drebin,0.0003186555113643408
337,e5c6f8ed7b3667af09a198a0efa12f07.drebin,3.078385463206601e-11
338,6e18ab94ff2c1b09abe01f688e122149.drebin,0.004486699588596821
339,bb4dbc016f71884645f59d3b892d98cf.drebin,4.013160290194939e-11
340,73b300e017379b05317eaba9c697e59c.drebin,3.486831337795593e-05
341,70159190f3aa67befe9310cf0d165f95.drebin,1.2524510508565845e-12
342,b1890988324ba39dac3fd31c56196e7b.drebin,0.4926895201206207
343,b9dab38c46bc4e8189f619dd52db3320.drebin,0.24479931592941284
344,c2eecf3c0c3424c6e520a3f9a82e435c.drebin,8.466699000564404e-06
345,0fdb82f51f72b80c7b862d5b7b223817.drebin,0.0004707546322606504
346,40003a01dfb5eb84ef62b7e6ac8d7477.drebin,5.308992331265472e-05
347,dd93e2c5851ac219c63f6e8c75bc0357.drebin,0.6659241914749146
348,18854f961ea082d22297467813e5b57e.drebin,9.093531049692016e-13
349,b7a1e27f430a73bd6359d43987d1aacf.drebin,0.006270491983741522
350,cd954fe3b51350f74cc937ce1a2d8ca2.drebin,0.005876733921468258
351,056feb321e1efbc065f3e52dfa7b4e59.drebin,0.15948235988616943
352,ab1047fee52d3376838d556aedd717ad.drebin,0.005876733921468258
353,29717db9387fd1eda509503d9bc5b506.drebin,0.0017397953197360039
354,e125c063d6a3175b2987ba35951a5439.drebin,4.013160290194939e-11
355,dd6dc297a7373259a494e8f4f3df98fb.drebin,0.0035303286276757717
356,76173fd408494487149aa8bfa06bbe6a.drebin,2.1533230060155617e-11
357,ab45b183ce5a532f95d29ffeceb7221c.drebin,0.00018184415239375085
358,9874068c32861122f5bc456cb0311f35.drebin,0.0017397953197360039
359,80cfa252cad942cb839f9cc02d6251af.drebin,0.04991195350885391
360,e63a48faa7e14ef8304bcb74ec99b9e7.drebin,4.013160290194939e-11
361,195081f1e12ff45d8e2ecd7a59bb4777.drebin,2.0195499786379578e-11
362,ca5f1aea8f7a1aa8b5cc9e7ca599c3a4.drebin,4.013160290194939e-11
363,82c91bd8072d225622ea9ae18fc82383.drebin,1.0370157497163746e-06
364,8724e9795177efa7292c9bcd75dea217.drebin,1.5327239452744834e-05
365,d2c313e943294c860044041ff904b4f0.drebin,0.0004707546322606504
366,4719a56b51306cbe37b7fc8f8b659ca7.drebin,0.0004707546322606504
367,4e17062eafc442671b37c5a2252e421a.drebin,5.022439686364066e-10
368,8a0c65901b80bc1f9d901869397bf623.drebin,0.0035303286276757717
369,c1ff1ed151f87169b49dc7ad770a54bb.drebin,0.02135273814201355
370,fe87dbf5536c0b4c32baf378525383c3.drebin,0.005062266252934933
371,417b4190701a15c7bfc081b12d3daa89.drebin,0.6864940524101257
372,76c858ab726cf861ec6a6c144e75f0fb.drebin,2.0313137838456896e-08
373,399757d852d755e405cc7344eb5445c8.drebin,0.042433880269527435
374,bc6254325bf099935f0e99a96acfbf10.drebin,4.0245264244731516e-05
375,2ca462b86e2d954bf811cef0cfcc6683.drebin,0.13478535413742065
376,c3256ff7d1eda42ccf25690b3b73f667.drebin,4.013160290194939e-11
377,b3a1315eef9ec8f500f012fb42ca2133.drebin,0.0008005275740288198
378,dad661adf4bcca7ba3da407a3075c1fa.drebin,0.005876733921468258
379,b6212f02e0d12980c5fdf8cec1f8cbb5.drebin,4.5402277493167276e-09
380,d5627c3a7d479fa6dee9bcca12aad022.drebin,0.0004707546322606504
381,1e6e30df7c888e21839683040b8b2527.drebin,0.0017397953197360039
382,ea9eeeea0957ca827bd1ebf391e64e36.drebin,2.6579543828120222e-06
383,8a425158cb9731b325ab55f1eac9a052.drebin,0.07149582356214523
384,bf01c7a402bd4220c6985cd62b3564cd.drebin,0.00020418866188265383
385,fd77660d579a1dd3e831efa9cae0e008.drebin,0.0004707546322606504
386,e34f4d6e0b6c3ca9afdcdbf918db5263.drebin,0.007341735064983368
387,902944add4d9cecd9e73d54adfffc104.drebin,4.013160290194939e-11
388,3f1fe2984a0573fa0e466c0c6b81e856.drebin,0.0009865937754511833
389,ffd5479d275e1d7ea7238a8419f759a3.drebin,0.05661064386367798
390,98d29411fdc31f95daece80403f51540.drebin,0.0035303286276757717
391,f1fd96c04f7a5d8ff12f5580d3f63626.drebin,5.868737673608848e-08
392,0714787defa3bf535351209e3abde7eb.drebin,0.0004707546322606504
393,6c4a5b758c3a5f98ca63212827e93a14.drebin,0.0004707546322606504
394,40dcfb2ad99ef916e4c0b6113bc026d8.drebin,0.0035303286276757717
395,34c400b82ce61004e3109ed207789e19.drebin,0.0004707546322606504
396,cee36b841092618c484026bc4fdcaf8e.drebin,4.013160290194939e-11
397,ecdb85790825fcf9845b303bb9f15e4e.drebin,5.0114019600755455e-09
398,186d2f083399c323ed7fad789054ae45.drebin,0.0018488765927031636
399,a16a9f0a9d8a965945337d337122f954.drebin,1.6657498491667866e-08
400,75dc63c68ef430a659edc33d1388f6b2.drebin,4.013160290194939e-11
401,e2812469fd4682f9847b4f99d799e0f4.drebin,0.005876733921468258
402,6ee214d4ebd89e5e99633528fe8cf755.drebin,0.0004707546322606504
403,89698da97a21c1b835f49b6688b58816.drebin,4.013160290194939e-11
404,c334acbcbbaee18855d5f26b4e98725d.drebin,0.003802440594881773
405,f9906adcf50a91d5c14b83b7ad8983f1.drebin,0.005876733921468258
406,48d467aed0300aa3d3c3c10b7bdfad48.drebin,0.04657559469342232
407,3b0fba4e8ddbb42c050d6b56b72002e6.drebin,0.03217100352048874
408,f4864f7f4834468da57c7dd7bc35b384.drebin,9.97786846710369e-05
409,8091630d30e4d50e380e5d752ddcb19f.drebin,3.8671420666408496e-13
410,a560afafc0497d6a75235d3d12ae9216.drebin,0.005062266252934933
411,e811c29a0bf53ecf3af2b4254a73384a.drebin,0.006270491983741522
412,fc6adccbbef6e5394d0c2a1f3ac0f8a0.drebin,3.343269838751439e-07
413,96b24b3fa8f55d41ce86f95115b5818c.drebin,0.005876733921468258
414,4a74c01e062fb7ba32c2f7eac0817deb.drebin,0.0017397953197360039
415,12d633a9f26c60db5c91e27e90fd877d.drebin,0.7113505005836487
416,fc50a7004ee51d03c5a1a393bc953732.drebin,0.06075390428304672
417,07813bbf5e405102f5c0407c065f70a3.drebin,0.003802440594881773
418,77011b377b40bb77f66cd83304e3e164.drebin,0.006270491983741522
419,de0901103f77b659a44425e08c30e788.drebin,0.31861117482185364
420,9a0c808fe36399ffa66b6ce8fd0fa793.drebin,0.0011675567366182804
421,ba8184b89f8decd30c97dd876d77f1b4.drebin,4.976368345397578e-22
422,2135790e4e91b3b929d0e08fd06de28a.drebin,0.0005638161674141884
423,f15a3216df7736b52690b4cd01eb1256.drebin,0.006270491983741522
424,59e773430a9fbe17d874c8cdccd638a3.drebin,0.0036827963776886463
425,01524f94175a2736162540f857e9f392.drebin,2.1533230060155617e-11
426,ff9769d872f3eba29307c9d1e3c55029.drebin,6.731777102686465e-05
427,2aa05ff65d77d68b08bf1f662a469e44.drebin,0.008477271534502506
428,e5d657c384e10fee1d87397024595261.drebin,0.002836598316207528
429,17b05861f8a3c05c9da6da62a5b261e4.drebin,4.013160290194939e-11
430,e8d56d9eaf3eb2d951aa6c9b536bd1d7.drebin,3.4860745401488202e-09
431,c83972179fe752cf52e0252b3c23ffa1.drebin,8.466699000564404e-06
432,19cc658292440db19c7ddf89def9342d.drebin,4.013160290194939e-11
433,33da3fe6548b3c91ade203dae06b8f63.drebin,4.013160290194939e-11
434,9ede3178db4d834bb1c3ee30df4f7d79.drebin,0.005876733921468258
435,f0c80cbbd8b34328122ca4fb8f01a058.drebin,0.005876733921468258
436,53047218ee555299d1f96e9cbbbd5567.drebin,1.3438002099963597e-10
437,76c64992b21ddd204e7b65dc423bce30.drebin,4.013160290194939e-11
438,e210b46408da84ae54f2f8ab245e29de.drebin,0.24479931592941284
439,ac56cde092d0e3c80559467264f59756.drebin,0.022177159786224365
440,7cb9dac9518f27b6239320d5b9d1912b.drebin,0.005876733921468258
441,ba5fb357d1b955e4e178a0fea5a5a40f.drebin,4.013160290194939e-11
442,0535b53da41c75a7af72b0d94f26a222.drebin,0.2793629765510559
443,c9542c71b4319ff2204d073af8153986.drebin,1.3593789205401663e-08
444,8ad9a4aff5a7f1c09f0cb485ff46b4d8.drebin,4.013160290194939e-11
445,58b9da3b42898685d7af0b8a00546e53.drebin,0.0001964233088074252
446,8315a8d34ac847705f7751e2bae330ad.drebin,1.660818611526338e-07
447,0152d3fe98bdfd7e979c82e0d5c549cb.drebin,0.0011675567366182804
448,71b9b970b7242a4573bfa8eddf71c9e8.drebin,0.003802440594881773
449,1f2df6546087ab1575058ea79276bbff.drebin,4.013160290194939e-11
450,c25e4446f31a5e0349d3f49586e40e1b.drebin,1.9025923059245997e-09
451,2d019048cc03ef9474f163e135a24f52.drebin,2.1533230060155617e-11
452,5df44d2e9c89d21af3a9cf34a6e0d9f4.drebin,0.0017397953197360039
453,465652ce32a10d8a11a10d54c3215767.drebin,3.343269838751439e-07
454,8e6f934dbf2cf4cfd944f57fd3a3aec8.drebin,9.093531049692016e-13
455,a19957af778d77a04320410cd720346f.drebin,0.0035303286276757717
456,a14c680ddde8a8e0c8014ed7fe02a648.drebin,0.3389867842197418
457,f13bf5e5f854f34a7e86ce250bd5fc10.drebin,0.0035303286276757717
458,30f441cb24e1bc158994804f81e91efa.drebin,4.013160290194939e-11
459,fd5148d534f837d7b0ef87a3c43c469a.drebin,2.6751956738735316e-07
460,3ab3ed4a4035777158fef1f4e2b44219.drebin,0.0017397953197360039
461,eacfb5fb0cba1c73b3a0147c11acafe1.drebin,0.03217100352048874
462,bde015d2aef3fafa9af80f8a9624b7cf.drebin,4.013160290194939e-11
463,2133fa882c10fbddce46ed33e46036e5.drebin,2.0195499786379578e-11
464,11caf8f6868b691166e2480ae9cc2ffa.drebin,1.2967578300049354e-07
465,4c6dbf2237679c3e4a34c92ef279057d.drebin,0.0017397953197360039
466,85985d65fc6d08e7d59b6609d1541325.drebin,0.0017397953197360039
467,cc796f9ecd15f9a65331a581c5fd83cd.drebin,4.013160290194939e-11
468,0f3cba835e54a93153786dce86ee22bd.drebin,2.7080782061261743e-11
469,c8406b5e76b5cb2efe4f26766bc4f04f.drebin,2.1533230060155617e-11
470,08896080e2fc6b99e0aef293f0f37f5d.drebin,4.013160290194939e-11
471,1d96b6822e7e744c8f9a3d27db0c8aa4.drebin,0.006270491983741522
472,0b8275cef802c5356b3cf523668114e3.drebin,0.02135273814201355
473,1a46694de3e455997d186024ab144e56.drebin,4.013160290194939e-11
474,b1f996fbf3a7e77c25172e8b5cbb749c.drebin,0.0017397953197360039
475,918ad231f3d19367eee5bce9190b3494.drebin,2.9773996175208595e-06
476,33b06d508983a26ed4fa76713475ba34.drebin,4.013160290194939e-11
477,c5fdad80599d25b00885a9efc963c705.drebin,1.9700892153196037e-05
478,51d0a6fd7e0d4967692306e2c58a9430.drebin,0.0035303286276757717
479,8135cc91576490b55c42584984bbd569.drebin,0.13478535413742065
480,bbb10aab0cc4341e0fcdcce36a94114f.drebin,4.013160290194939e-11
481,b19a706845bd1f17447397ff4917a4e7.drebin,0.006270491983741522
482,e2600d247d313886c4555de2b12df8a4.drebin,0.0035303286276757717
483,05cbb37f30bc63b8e567ed4831b59e26.drebin,0.004486699588596821
484,09f006b3dd386e74a5b30c1c55b6aab7.drebin,9.093531049692016e-13
485,64589501ffeac317f579db9c3b052f6d.drebin,0.0004707546322606504
486,93e6bae12445e261c524c9003f1d2308.drebin,0.005876733921468258
487,58e8601e072e7b8874c9abab80660167.drebin,0.02135273814201355
488,e3b49cf28a673a4086c701c7f64977b5.drebin,0.0009865937754511833
489,02f5f5118712a54291039da3e4f48c55.drebin,0.005062266252934933
490,0e732635a086238a0ad05124c10f4bfa.drebin,0.0017397953197360039
491,90b051443fdbe4fb974f8ba3785cde8f.drebin,0.02135273814201355
492,578950e11307881ea1d866852ba21ebb.drebin,4.013160290194939e-11
493,6e158ba396f3be4f6a2d2ef482000f44.drebin,0.005876733921468258
494,6ff6f3bf0174dea7c99e19c855a36e58.drebin,0.0004707546322606504
495,9e029dac3a7410721d30b4902a137d9b.drebin,0.16214394569396973
496,8854f5813ee0f4e3cd4d773ff4940d4c.drebin,1.71661376953125e-05
497,cd08a8d7403e9b72853881b1f061cc75.drebin,0.05074085295200348
498,7b96999a2f5cdc8293f15823bb1cfbb8.drebin,2.6535646943659508e-11
499,c90deaea964530b7a253e9137b8ee87f.drebin,0.005876733921468258
500,fa5eb30e32242c0b423420bf76c74d25.drebin,9.093531049692016e-13
501,f44fa1748d93d12ef6b6a2b8494046c2.drebin,0.7870694994926453
502,7531735011e60eb3c31415bddbe3e0f6.drebin,0.3760422468185425
503,11134fb5bb0cc1fe463e931901e7b00a.drebin,7.474282998076731e-11
504,15d6769cb04efd62f387914b00cdde81.drebin,4.013160290194939e-11
505,1779cbbb39ddee070841edfc69cc671a.drebin,0.0017397953197360039
506,626bdbb531a386131afe057308599d57.drebin,0.0004707546322606504
507,c2c228d461d6093b3f2d939bb2fbf59d.drebin,2.9205747154037454e-08
508,9e34518721131cd536efd8e2512fee2f.drebin,9.093531049692016e-13
509,fc64b48f1b8b9609384f73403b476f78.drebin,0.005876733921468258
510,3ab3a1d708811f0e8b36e1713ff9dbfe.drebin,0.04003610834479332
511,dcbe1687fb18c5e8f8b54019ef346663.drebin,9.093531049692016e-13
512,ef663be30f4e65a8e8bfbac5c2576a53.drebin,0.0004707546322606504
513,4da97da006fb1150ed14058665758b9b.drebin,0.0034143556840717793
514,4d59f0b544b03279614d40ec2c17e7f7.drebin,0.006270491983741522
515,fbcd99296397ee764f74d73f575d22b3.drebin,0.011312183924019337
516,0ca07bfb2a1ca0beda9db447d34f8367.drebin,0.058507177978754044
517,cf4d48285f4bd34e05d66fa16ddbbe56.drebin,2.9445303880493157e-05
518,8822bee8c7d5c7e913d2b8f5ccc944fb.drebin,0.003758206032216549
519,9efa84ecf887386b4c7209c8fbd12b5c.drebin,0.0035303286276757717
520,a679a0e055643be056fabc083f7cd503.drebin,0.00010592151375021785
521,961882a63070091518d129442185754d.drebin,1.514546710268405e-08
522,9ede50657e1d9be7411f79f6668011e7.drebin,0.001012004679068923
523,6870d7b9d53aeec287979419070ecf48.drebin,0.006345277652144432
524,beaed1e53ce862f12812eb5504fe2b41.drebin,9.093531049692016e-13
525,d224f23400acbc42d1f19d3751dc4d31.drebin,0.0017397953197360039
526,1ca077866e72a5d97ca4905bf00c5803.drebin,4.013160290194939e-11
527,f0a2bd7e12bcc2440134eaa35018c56a.drebin,4.013160290194939e-11
528,2ec3aa8d0353d114e8c08c57de5410ac.drebin,0.24479931592941284
529,9f64124ffea325c9b77f961d980795ae.drebin,0.00010751430090749636
530,20b459d84712a435ad29a6fcc0868503.drebin,4.013160290194939e-11
531,6412b42eee7cc3959e894d6b478b3195.drebin,0.00942069012671709
532,89f5c4ebb257ffd01fbf317f427828ee.drebin,0.0217132568359375
533,66d374b788c72e38403e45a00415acee.drebin,4.997384621674428e-06
534,ada387b64d08ddf878184a002dd5839b.drebin,0.005062266252934933
535,77f019b758affcc2b8f5e5a0830dae2a.drebin,5.895870813787951e-08
536,a3d91a82f952f34f062a2888b654ac0c.drebin,9.093531049692016e-13
537,8ae9e2044786733ae6946512c6a82e42.drebin,0.0035303286276757717
538,1e5cf854c2d37086466bf20b3957c710.drebin,0.005876733921468258
539,9b35625c91d2ad82cbbd960cb628aca7.drebin,1.407651052431902e-05
540,6371eba77806a333531b38c777593764.drebin,4.013160290194939e-11
541,f60eeae5b0b787c4f6e47a6457b88dc7.drebin,9.757932275533676e-06
542,12714aac557bea7c8a31cd4dcc0941c8.drebin,3.915610891080945e-10
543,3ddeac208b18c9ece2afa35d626d6be1.drebin,2.0195499786379578e-11
544,f4389fb1731909bc747ff55f47935097.drebin,4.013160290194939e-11
545,8ad6a63256ccf52d24385ed1fd01a92f.drebin,9.335020534351202e-10
546,4c55fc90eeda686d06d807676cf2f23b.drebin,3.0052647161937784e-06
547,ac31e032a2ee570fc4cb5627ef457f3a.drebin,4.013160290194939e-11
548,65e01cb06a216d0e5f3c82ddca7f1a1a.drebin,0.0004707546322606504
549,af7873ac4f94a624abf8acfdc071c490.drebin,0.12905418872833252
550,81f68781a737238378e2d4387755b96d.drebin,0.0009865937754511833
551,a36a3f2cad46210e32159fe894ee3a23.drebin,0.714155912399292
552,49c4438d4f9de7428bb4db6815c89c5c.drebin,4.586350830365626e-13
553,f2d7c8247dcaab8823f7c752de3f5228.drebin,0.04369479417800903
554,422abcae787124ce90ebd2f983746dc8.drebin,2.3864353689787704e-14
555,1d913b4d46cff2cb52b5610249a2c83a.drebin,0.004486699588596821
556,604bd2598bec8b65efb82fc27cf47787.drebin,2.7356867576600052e-05
557,1612c752dd35ceae9f527e8f2b82a8c4.drebin,0.005876733921468258
558,f98fc5b9298de26855d697c402f85c2b.drebin,0.0004707546322606504
559,5c8a77e505ed7668982851cd11e8db7b.drebin,2.0195499786379578e-11
560,e57e05bb4a95e8d93d8a1c81e0f96fd4.drebin,6.896774721099064e-06
561,40287f043e106c68a4e0be75d21f039a.drebin,0.000840718625113368
562,2da5c1cd444f7239ed8183b87b565f78.drebin,4.013160290194939e-11
563,f6727b20dc31c6e335fc6713df069e09.drebin,2.3864353689787704e-14
564,adc31607c8edbbf5a53b5d8797b5bdcf.drebin,0.0035303286276757717
565,31c6c024f47016d6b581227d2ff1f1bd.drebin,2.1533230060155617e-11
566,9dee47426825d011c6d31f0d2ad955da.drebin,4.013160290194939e-11
567,f6d62a396daadb8001ab9a23cf826019.drebin,0.0035303286276757717
568,e20e197ae344150b58fc55264f1ee1fa.drebin,0.36241415143013
569,ef8af6e4fb66c36fe38f9583c046a531.drebin,0.23722779750823975
570,1f2b27355f717e7b9cc59f4c37ed7b99.drebin,0.10723501443862915
571,cb1c9b02f15c6a6c5288561ae44ce5b3.drebin,0.0004707546322606504
572,2b96d6bfa539276f42c2b58623938404.drebin,2.1533230060155617e-11
573,d09b4075be55d6e2ec7b6a5b0aba8453.drebin,0.0680997371673584
574,a230a32771bce99b0ede41b2d5d1ea34.drebin,2.0195499786379578e-11
575,d18a8a2d7e955c3aaaa5d9b5caf1bc65.drebin,0.006270491983741522
576,2332088bb9e68be88611239b1c012e93.drebin,0.05694790557026863
577,74d31f092de458db7598cc11b062c829.drebin,0.00017081377154681832
578,e499393170d44d2572133c6a9e9ddc61.drebin,2.730723963395576e-06
579,521583aefa9f95c5cce53756ebcfa35c.drebin,0.02135273814201355
580,8a03da76d3dce5b378a132ccdf368e82.drebin,1.126819734054152e-05
581,4eeb6595198cab081c64a7733dedb2bd.drebin,4.013160290194939e-11
582,fb732c020f0aa5c9e1d60ada07c406a7.drebin,0.2818675637245178
583,b111c157792785cacb92a7bc96e75922.drebin,0.0017397953197360039
584,699f618dd893945f1afc540a3a6f5726.drebin,2.0814186427742243e-06
585,4c81a3ba4e434d248a8fad9c3b4bc333.drebin,0.0003588010440580547
586,9b8a6b06cce1a162c9e7ed5ff9ef5152.drebin,3.443554987825337e-07
587,96d2d537af41aa3f58cbc4ae7ae89378.drebin,0.0009865937754511833
588,4a67825c17a5d656d8a9eabcb3e5172f.drebin,1.915447683131788e-06
589,c1e78757e35fa704b75e4ec3b86543ef.drebin,0.0017095194198191166
590,f4c7c3511a008aa2388fa5d174266e9a.drebin,0.01729808934032917
591,dd16529c2243beaf2f7fa349ef8bf540.drebin,0.3165131211280823
592,fbf750fca40a91c01fb25223f26d81c2.drebin,0.03315246105194092
593,063f279fe5fcec64c4433e711b9653c7.drebin,4.013160290194939e-11
594,e8d7fe8bbabd027794e98764135d1c14.drebin,4.013160290194939e-11
595,017deb59f59061e8641298dc571c9a4e.drebin,0.006270491983741522
596,838591a77e794e498087a8ff126a6cd9.drebin,0.1038440614938736
597,7fe35c563818af9a95791be24720e96f.drebin,0.6659241914749146
598,1be872089d044ba4183a8cdb045d1505.drebin,0.003758206032216549
599,4e9110981ac1fabedf20ce4bf38f7088.drebin,4.013160290194939e-11
600,8372c9a3aeb65eac1f5222daa497fa17.drebin,4.214145921110912e-09
601,d4116bfeb0207c518adff5359df77689.drebin,0.0004707546322606504
602,f3597aa3966ab6fcf19909ced9744fcd.drebin,1.3304972981131868e-06
603,ec1f5e97f857c6ef484a323c9ad58695.drebin,0.0017397953197360039
604,938182eafec1ffea94d14e4eeeb3daf0.drebin,0.0035303286276757717
605,d9d465c7e8eefdd1798f1ea0a3053c66.drebin,4.013160290194939e-11
606,5d95a51c67ccddf1d4878af84cec70a0.drebin,0.02981267124414444
607,d386cfc6d17392ecf72e7b7a548dc65c.drebin,0.06038007140159607
608,cc9241bbbb28e6af588765fa4bb8d8e9.drebin,0.0001061683869920671
609,b3a60a2fc5d28873c00dfe694c75371b.drebin,0.0035303286276757717
610,e191a7a9b90c4e075ebfc47c658b75b0.drebin,0.0035303286276757717
611,2b05e1c91caf59081b7231deff9d2132.drebin,0.008477271534502506
612,0ed2809b44102e3b6377c3980d1cbdb9.drebin,4.013160290194939e-11
613,b464c6b777be62b9df3f4f77f788a3d9.drebin,0.005876733921468258
614,3a0a479669b6aecca8fc6a41d6dbfb08.drebin,5.227196015766822e-05
615,760f64dfe4a28c9277449aec69bb5e40.drebin,0.00010751430090749636
616,389466fd69f0fef43c7b5ed0be6ef2f9.drebin,0.04084182158112526
617,de0b3f30d9a85c4c6d859117c8c6dda0.drebin,0.24479931592941284
618,a85da538ad16d4104c4548f32c0e2543.drebin,2.3093793544148866e-09
619,f71bc2ca26bd3eef842d81449cce0245.drebin,4.013160290194939e-11
620,bb17ed6dd9094aac8093b8704e64e21e.drebin,0.002014159457758069
621,9ad24fef957242ba8137442fea951631.drebin,0.0011675567366182804
622,34d0eee71fb18c678f7e2c3cb26646af.drebin,2.0195499786379578e-11
623,2b7dfae5dac62656f68ad65c7768a426.drebin,0.29996711015701294
624,4433b764dc0f94c2783b1a2189243aea.drebin,0.03217100352048874
625,f62465c73154d87777fa9e2c34b1800a.drebin,0.09707360714673996
626,1f1a7ebd1b2f4649e85159193fbfcbe7.drebin,4.013160290194939e-11
627,293ab4f50a44a443a9da444038873e56.drebin,0.0029460247606039047
628,1780177baefa334efc076e700fd0221e.drebin,0.006270491983741522
629,80325df51ad9f248a15c66e1fa5117f2.drebin,3.443554987825337e-07
630,93bd877fb1e80b750a9e12a8ba91ef64.drebin,8.466699000564404e-06
631,d9b5af628375e1bf33d49754682a84f0.drebin,0.04369479417800903
632,a05e85fe24e0d9ee91becc5a69c118c0.drebin,0.0017397953197360039
633,bf0dc8ac5a53f1569de47d1ad4c37913.drebin,4.013160290194939e-11
634,cb7951f72672a10974756d5289650069.drebin,0.006270491983741522
635,49d3c0ae43a638e4ee447756c150223e.drebin,4.013160290194939e-11
636,712771664c6e60ac742cb569f66a855c.drebin,0.0035303286276757717
637,4603c147ac9e53d2b977512b8286697f.drebin,9.093531049692016e-13
638,443d3039b6d2da226c118e7a2070c2d0.drebin,0.0035303286276757717
639,28e7779cf6b3bdae5021fd28a97bd74b.drebin,4.013160290194939e-11
640,c0275a5267ccc9e6024c663af5315f6d.drebin,0.003802440594881773
641,99e333e3ca147d03bd2c220b4c0ba060.drebin,1.7138958128271042e-06
642,2fa91ad5e2d2c1a06c5643312f924299.drebin,1.7713045252776283e-08
643,dd8ce064fb33e6717d6cd1ea69087105.drebin,0.0004707546322606504
644,438caec9a44e0f74a54090739861ec7a.drebin,0.0017397953197360039
645,76b9f307c923c0b77bc1fb050cbab66f.drebin,1.2524510508565845e-12
646,7cbb813abc1e5207030e94fba4fe20ba.drebin,0.0845222920179367
647,0d79352b06d4fb0b7cad1e51580cad30.drebin,9.757932275533676e-06
648,fdc1c2dd84acabde0730c7763a40b281.drebin,4.013160290194939e-11
649,428da74bb2378c51446b24ade395c1a3.drebin,0.6809767484664917
650,0c436d2a8fc03ebe34c4f0cdb734c8d6.drebin,0.0035303286276757717
651,6dfc5aa2e059c4dcce458893a61e27d0.drebin,2.0488570839916065e-08
652,9d8ce845c4e0932330a86b9e50397a0d.drebin,0.008477271534502506
653,262ebe588e89a2c222a836f05999e805.drebin,0.006270491983741522
654,7f90c754f30d09d4960b1df7001dd0ee.drebin,0.08102798461914062
655,8caec00d59af11906e72e8deeaf24e4f.drebin,3.1648698418929033e-12
656,0a862ffe1fee8e8c0ea36e777b1df1aa.drebin,2.0195499786379578e-11
657,9422843166781e05e1649d75766b7135.drebin,2.584636149549624e-06
658,8cd3b9522274ccb52488346452973c29.drebin,0.7267988324165344
659,8edd71e4d6c7cdd15a3af7d3fd3a1c4a.drebin,0.13478535413742065
660,a2fea09fdc513c766cd78683324e5c01.drebin,4.013160290194939e-11
661,2cbce8ea7941e24146c8387798c9864e.drebin,4.013160290194939e-11
662,b2137bd20a235c5bd2869eaa1d379375.drebin,0.21117931604385376
663,98eea1d94a479e022e46d69b0fbe2453.drebin,0.24479931592941284
664,581c1ee1b47b09619919fa7b31030200.drebin,3.13398480500382e-08
665,049de6ac7ed9753dfd397021f7d443b1.drebin,0.0017397953197360039
666,9862045739dbb94c00d4df96981b1080.drebin,0.0004707546322606504
667,56c1376f85388bd3e747dada100ee856.drebin,0.0035303286276757717
668,e59948ac74508363e4c13b8359b0a0cb.drebin,0.0035303286276757717
669,7e97814f9dbce95bb681b90a726ba474.drebin,0.0017397953197360039
670,8c7e956dfe5b700113658c41cdb06cbe.drebin,9.757932275533676e-06
671,b09d201714241e535d44363a404b4627.drebin,0.318190336227417
672,d65dfa832dc6bc181afc2d62aed12bee.drebin,0.04369479417800903
673,b044ecfa3ee45ddbd094c58d5d547516.drebin,2.0195499786379578e-11
674,2ec183fabe58c8db3620ed2dbd555457.drebin,0.006270491983741522
675,8a33d8747d0b702acc770bd7afb1b1f4.drebin,4.013160290194939e-11
676,90e4ac71a62728995773f8c143c54a7c.drebin,1.5274900988515583e-07
677,87d62d900b51778dc38ab40d4912c17f.drebin,0.8010595440864563
678,a3ee031c5091dea60d82af5c68f1b9ad.drebin,8.466699000564404e-06
679,e9cfbff401f36c20fd4b302ecfb0de00.drebin,0.005876733921468258
680,39eaa5789166a18e1e3888ce17dd7490.drebin,0.2642992436885834
681,1f0b9734dcb59eaa9c411d729a71b76e.drebin,0.0017397953197360039
682,9976a415948b43178cb0b0f53983e3a5.drebin,4.013160290194939e-11
683,40b1dcbe5eca2d4cf3621059656aabb5.drebin,0.13155949115753174
684,eac5de210cee7d0c69b90b70f38e74a4.drebin,0.0017397953197360039
685,cd1b1ab2fd057d4d6377870a29b767b0.drebin,7.98296241555363e-06
686,0ae5b35a4ccb359b0c25f104400cc188.drebin,0.8936707973480225
687,e0ad31783b2a9d192d29a1e7fd44d135.drebin,8.466699000564404e-06
688,8d1b2eb16b07da6ec03f6490bd054896.drebin,0.0035303286276757717
689,cb61454417e9ab67e350a3ee0d021c19.drebin,0.04369479417800903
690,527cadf800208767698e54ab4e0abd22.drebin,4.013160290194939e-11
691,2f5ace7a58e4cc500c886e79a930aafa.drebin,0.0017397953197360039
692,a7720abf1049923386129784e745cc71.drebin,0.0002488737809471786
693,4d00a02e86440c21195136c6a47935a4.drebin,4.013160290194939e-11
694,1fddb47defc2ecf0b9472ee051600e66.drebin,0.0017397953197360039
695,7dc83ab7564e47e878d4b0e1c59248b7.drebin,3.9143902339545464e-20
696,4a007afcb91d8a53bd8f11059b34c3d7.drebin,0.0017397953197360039
697,81e49c53fc9d8410a70428ba1902f226.drebin,0.0004707546322606504
698,3eaae8e5f331a602cd4f454a5c6609a9.drebin,0.006270491983741522
699,504f410bc0c09e397767ae59cde17e48.drebin,0.02135273814201355
700,53ab04994192c7e293bd74adcb029bc2.drebin,0.00010751430090749636
701,a82d086ca5444c1440c1529e222ae733.drebin,2.758114021617075e-07
702,ebc0227c7815de5a6628a7a152db68e5.drebin,0.0017397953197360039
703,dc810b5de281d84a654784d32bddddc7.drebin,0.042433880269527435
704,7ab97a3d710e1e089e24c0c27496ee76.drebin,0.005876733921468258
705,19d7754822158570376cfa68c49b6322.drebin,0.008477271534502506
706,8de5591189a09b04727e28f9807c138b.drebin,2.402270183665678e-05
707,5e9d5fb2c0ead478212d28a64ae854d9.drebin,4.013160290194939e-11
708,b21fa7294e3fe3ce683a7d6ae338b8c6.drebin,0.008186510764062405
709,2c7a5c93e645a0ddd1c46f3ff14de51a.drebin,5.779382263426669e-05
710,4276b27f61a0ba3c65de485bd8272424.drebin,4.013160290194939e-11
711,d5cbf508d2febdb3ff24dc332a396f2e.drebin,0.03217100352048874
712,8e337dfa14cb7f4f6001f8e682e18c50.drebin,5.3071700676809996e-05
713,c0af0dd79f0dff353c21ef668600210b.drebin,3.705241273304835e-14
714,48b7e65a395a8c8a04ed3ba4cf52d99d.drebin,4.013160290194939e-11
715,f1bfca34fb361303ab8482c866a4d1bc.drebin,4.013160290194939e-11
716,818991cf6a830472a051be233fc3d891.drebin,0.0017397953197360039
717,1c22129a95562dd2e2d3083798685894.drebin,0.0017397953197360039
718,6bd1bd53a41315a05ebffb5af3d14849.drebin,0.002078006975352764
719,823393380bd3d51d9943da52c29b061c.drebin,0.0004707546322606504
720,b83df8e33875745aaf2459dcc9f302b2.drebin,0.0035303286276757717
721,a07f34a3c736ae86899a1057339ff0a2.drebin,4.013160290194939e-11
722,55fd2daf1b792f12270f3b5452bc1b7a.drebin,4.013160290194939e-11
723,454ad52b0bb12b68c3a721f4ac863c50.drebin,0.0026517242658883333
724,af409d7ce18945f59f9be4acd48393ef.drebin,0.005876733921468258
725,f100eefdf3694768ef46220a7d569d5b.drebin,4.013160290194939e-11
726,125b07345f6ff8c7f15341ea9fb437fb.drebin,7.339427676722465e-11
727,d80f2510bd50567137b8882fefd1c78d.drebin,0.006270491983741522
728,e3f4cc7aaf5e234a91fd4abdca79adff.drebin,7.41025505703874e-05
729,d285136c2e6e9fce7bc94d7261c709a1.drebin,0.018617581576108932
730,074ac091ca07a88fb621ef59cb820c98.drebin,0.4892144799232483
731,2b32de02226c4f9cc6e96143a17acdf3.drebin,4.013160290194939e-11
732,a38098603b8dddf88a63bde20e0dd1ac.drebin,0.0017397953197360039
733,d7c0d5726bb70af87d55e5a0ebde7fd3.drebin,4.013160290194939e-11
734,78ccc124588501f7dba594977f98c982.drebin,0.0011675567366182804
735,4a663e0ab33bf6730a9af1c0ec4982fd.drebin,0.12905418872833252
736,ee1725ec3a6877e0fd96739ae4d1c395.drebin,0.005876733921468258
737,d3e73157419421d71db384e00060caed.drebin,4.013160290194939e-11
738,0c87efa6c0b520445f3f498ff56b1e3f.drebin,0.02135273814201355
739,dfb9afed90bb87dc0bf8b8a0fd3df4c6.drebin,7.339427676722465e-11
740,0201dc0dae42e20d33059d99e2f85275.drebin,0.0011675567366182804
741,ac44fe01d382d40da2b29160c1a4dcc5.drebin,4.013160290194939e-11
742,f73a62759f64769860773e6e5cd9ade5.drebin,0.0035303286276757717
743,a2f8718d66d57ec8c43125e17e6d4263.drebin,7.89230369946381e-09
744,a001c2eaf1bb78e02c0659dae3cc2f90.drebin,0.0035303286276757717
745,436d39cc31da44b98b2965ce631e8b45.drebin,0.0017397953197360039
746,5704eb64b4eb9c363deb04149f08447e.drebin,7.92485661804676e-05
747,28b459efbf05dff1958a6917ae638da6.drebin,0.0035303286276757717
748,4a21cfeab7c31d26bce2bd6e3e114f80.drebin,4.013160290194939e-11
749,0ceccb559b67c14f8148077c8c954528.drebin,0.006270491983741522
750,dfcdec4b64abb09ef7f42fc6bb56b47c.drebin,0.4258979558944702
751,f12b566476ee0365023e46eeb520b436.drebin,3.078385463206601e-11
752,7d398f89d11c5ac1947e64178f7d99e6.drebin,1.1032339486405363e-09
753,fb9831b5a690063924d3ec7df6cbd204.drebin,0.006270491983741522
754,9464749df7368b2b6b12dc8067ff1a52.drebin,0.008477271534502506
755,5c473847fb419f8a90afb84e2ca60210.drebin,4.013160290194939e-11
756,05b47a2c24deec2deab494e2aa9fca4d.drebin,2.6535646943659508e-11
757,ea829956feb69c660c8e12dffbfd4863.drebin,4.013160290194939e-11
758,b9bca531466d6f58ec554328505370f7.drebin,4.013160290194939e-11
759,8d8e26306b7bf40a57190fa8773359db.drebin,0.005876733921468258
760,1c7d3f4a1242899d3df5e4692da67b16.drebin,4.013160290194939e-11
761,c4b65aec99cd8480bf72276042ac9b54.drebin,4.013160290194939e-11
762,59b2c643f21076b9990ef67038da5253.drebin,0.005062266252934933
763,48b4cd14896f7989fcc04387df9a4ebd.drebin,0.2413063496351242
764,7e93cfef66a940fd90e96cfc5dc5dee9.drebin,0.004792113788425922
765,f012faa331065460c2f1845ce9b72f37.drebin,4.013160290194939e-11
766,9e059bb276fcbe5d4ebd49fd1dfaa93f.drebin,8.466699000564404e-06
767,64b59d0431e04e069a6a38ec7cc243f6.drebin,0.0017397953197360039
768,a015a549ec016bc89b5fcd109cd0e238.drebin,0.004486699588596821
769,f1af6732e8a126f9a41d6630ef198ede.drebin,0.005876733921468258
770,ebf8ddd93103d67a813765cade89d8fe.drebin,1.2423581052800614e-09
771,0d5693f4086310f0cfb13d5e03a564ba.drebin,4.013160290194939e-11
772,cf55ddcc06ce1e0479dc559405963457.drebin,0.02135273814201355
773,4bc7658f0e579675bb3e506309ae8806.drebin,0.3831287622451782
774,a8e963bc0f55b49a32051ed8e0cb0410.drebin,0.016590585932135582
775,1de140645ae40abf38f24a333e505f7c.drebin,4.013160290194939e-11
776,58e6169fa08b826f2bd7e41b9e9f90ac.drebin,4.013160290194939e-11
777,5fdd20e719ba150a41ecb43b3411e139.drebin,0.0035303286276757717
778,ce06346bb0da878b8eec14a274c8fd99.drebin,8.696523536855238e-07
779,09b1d54d5c60b7c12dc141f8e0cac1c9.drebin,0.02135273814201355
780,0b53d37afa0971e2295c537991b4b7d5.drebin,0.02135273814201355
781,2dc70d9adf1b62184379e0bf2b42223b.drebin,0.02135273814201355
782,7869000ee5ca9c751ad59522812dadf8.drebin,4.013160290194939e-11
783,ba1285bf6ca943d2fe53e09ba84a1946.drebin,4.013160290194939e-11
784,530b6e59887b12b9d83024f0598a0a2f.drebin,0.714155912399292
785,530413a95f4e9dd4a89ced1ffa639a0c.drebin,2.9574113113994827e-07
786,a59e42a652e02581893d2ab0885046cc.drebin,0.0011675567366182804
787,e9d8d151cd69abc25119c5588225d1e9.drebin,9.093531049692016e-13
788,17aa256e56b475eed5c2c9bb9ab9070a.drebin,0.0017397953197360039
789,da4a6e42386e1a366bb5742de15a13c5.drebin,6.420727838296614e-11
790,7e6656f5ddb662ef77de75395cfcee36.drebin,2.0195499786379578e-11
791,9fba8a338a47cbcd715feba7a2edfd91.drebin,2.58725947333005e-07
792,24558f10ab352a8257de526905531f1e.drebin,0.0017397953197360039
793,25e91dcfd1a52612df8e54d845acb1ab.drebin,4.013160290194939e-11
794,fa258b16ff232ca95411997cbb75f28b.drebin,4.013160290194939e-11
795,90d63e11cf295743a63f578a6142d17e.drebin,0.0017397953197360039
796,510f22ecb0ae6419b5f4065b32e54ab0.drebin,0.0009865937754511833
797,9aee645060b76fbcbfc0b719da753d8d.drebin,4.013160290194939e-11
798,84dbe9715e59acf0e9ad5e71945bb22e.drebin,0.04369479417800903
799,02ffcd17b679d674cef4d3d5d9e7109b.drebin,0.02135273814201355
800,e2b8fc42f3d0f17f74b875b5bff1060c.drebin,0.02135273814201355
801,805f6b8ce1cb22e67a5aaa2a62e68ed4.drebin,1.6556383343413472e-05
802,998dc9d67270998aa02244cd51f1fb8f.drebin,2.1533230060155617e-11
803,60467ff37130c14d586aa70545bb5ec2.drebin,1.5474226984224515e-06
804,d61081f03bfb26d996af65e8caaeeac6.drebin,4.013160290194939e-11
805,145ebfc36bf2f2bcc9c8222ad045f972.drebin,0.0055688051506876945
806,141034dfcbbb87aa2914fd2481d28326.drebin,0.005062266252934933
807,b09fb57be034f52ea1c313be86c88326.drebin,0.005968645215034485
808,cba6ecf2040a4e8dd57feb5fbef43e5d.drebin,0.05984580144286156
809,1ff066ee5e0fd4858c60352a869008cf.drebin,0.02135273814201355
810,fe85970fd835eab8e49e9a664b11df2f.drebin,0.3362935185432434
811,27e6382ae41093fb342e4f809e152b78.drebin,4.013160290194939e-11
812,879228f35452b2a2e3d0db771ae035c1.drebin,0.8494335412979126
813,b1eaeeed9833b79b2585e52da1920f0f.drebin,0.10723501443862915
814,8047e9d8bb66baf04a689ce5add8c245.drebin,4.013160290194939e-11
815,97c9c493dafbf2272213cd8e283c5327.drebin,0.00019402943144086748
816,58498b9f97ee870587a663bc55b387a6.drebin,7.747084751486e-09
817,fefb8ef9e313cd4f7e11fec6fa7bf6c6.drebin,0.5872762203216553
818,e2b1ff0cff01f6aa3de557f26679ac08.drebin,0.000335501303197816
819,fdb076dda7cfac28ebbde96c8b3e6e9b.drebin,0.004644274711608887
820,6477bfdfed4cdc4ebfcc61d167a92771.drebin,9.093531049692016e-13
821,c672595d9e392e3a037d71d4df3fe122.drebin,0.0017397953197360039
822,e307ac28a7fc57251d81b61695d58b19.drebin,0.0013521264772862196
823,4ed2214f918a60cb08bf671c83524b23.drebin,0.0011675567366182804
824,2c8c25abdcc0cea4594d958a5226d8fe.drebin,4.013160290194939e-11
825,a400d1c5bdaaf8a5f60ee9bb0156897f.drebin,0.00036576640559360385
826,b8fffae3c69fcea9dc623cbd48711bdf.drebin,0.0004707546322606504
827,ca2d925b41378a347fd318e8dc57b09e.drebin,0.0004707546322606504
828,397091aacab1d4069c7b272b146ef743.drebin,4.013160290194939e-11
829,ec69b0542c5051cb7fe654d458d78e5f.drebin,9.757932275533676e-06
830,34b4713b23074842ae54642318c2a790.drebin,0.05661064386367798
831,90ea39e51900cd022cadccfb41f3b482.drebin,0.0035303286276757717
832,ff33cf6067b68603f4974ebaa5771d3d.drebin,0.00026626858743838966
833,26b1cbbbdce6cebeefc9799085fa745e.drebin,4.013160290194939e-11
834,4e0562f5ba7adc40f017b4a6251ee1cf.drebin,0.13478535413742065
835,cca6af3dd00fe99edf50dfacbc5e4646.drebin,4.013160290194939e-11
836,aa8f58d9426959c6d8cc7c77f7d2529a.drebin,0.005689501762390137
837,66240be9a5aff4329a6abde9b262daad.drebin,0.004486699588596821
838,bfd8414f4318ac856847aab12586adb8.drebin,4.013160290194939e-11
839,050a0666f069f2de8c948b107cb41e8f.drebin,1.5274900988515583e-07
840,a67d5ec191421ef3c163222b49dcb64c.drebin,0.0013521264772862196
841,9b7d089caaef1e9f6555d92d01cc66ce.drebin,6.260805207602971e-10
842,1ca310835727c845018c3db1c72cae38.drebin,4.228642089265655e-11
843,ff445fcf071eaac055a229f2fc1cd61c.drebin,2.3514343250319314e-11
844,5d9d768afd1ebd67f775a8d1976e8824.drebin,4.228642089265655e-11
845,de6163da5792207cd1206c8b0f235613.drebin,0.003802440594881773
846,caff00dc4ac3b5c82930fd449450cdc8.drebin,4.013160290194939e-11
847,0347edc88583617fa307938c58602282.drebin,0.03217100352048874
848,1903d51ec29153173efce53fe9aa0d55.drebin,0.1038440614938736
849,74508fe6b9a1253a2f3970afa0af3017.drebin,1.6648384189466015e-05
850,ada7c6f9dc1435c9d3985519cef6cb63.drebin,0.02135273814201355
851,3651def80ae83eb534a9d21867a7e577.drebin,6.807567388023017e-06
852,814108c834d7201b2ec095baac3a7fae.drebin,4.752089807880111e-06
853,581eaf3efb5a84b8970e23a275dfd668.drebin,0.003046039491891861
854,907de09ec37c8953992251c653c6c714.drebin,0.5557020306587219
855,a32a194b68f1a3338632175a3e250254.drebin,0.0017397953197360039
856,4d71b397c9246e6d92b424e6004f71b0.drebin,0.019780458882451057
857,9dec8b2d2885df9ef4fc5dfb59ec95c6.drebin,0.02135273814201355
858,c5098b316d6d55957443371db79dd8a6.drebin,4.013160290194939e-11
859,3d6539c2e96106640a298665cf3c2cd8.drebin,2.560109235716368e-09
860,0ed4ed9b2cc79913b241e01cbe2ca692.drebin,0.0004707546322606504
861,05d5a81297521fa3059151fb5bdadb7f.drebin,0.02583049051463604
862,7d9392b8e0254b66572957754fc5ca75.drebin,4.013160290194939e-11
863,9cd5abcfb6b6450be813d6363e1f8a3a.drebin,9.757932275533676e-06
864,f9e8b901834d23603f366dfe9cc7e95e.drebin,9.093531049692016e-13
865,142594cca94f3ad406825e35a46e254f.drebin,0.0017397953197360039
866,a6a0f1b6391668146700a56f46632ad1.drebin,1.2524510508565845e-12
867,b88da0b2ca8f14f890ca40c719f385ea.drebin,0.003758206032216549
868,3167c1d694ca2f5abf9bdd916c1c4b20.drebin,0.24479931592941284
869,139fee6c491ad573ae6cd02169e3f2e7.drebin,4.013160290194939e-11
870,f487a265b966e06b78d13c657953bc7b.drebin,9.757932275533676e-06
871,7c350f3114b8670ffc713951ef55923c.drebin,0.003938752692192793
872,dfc3ea43db0376c3582bfc4d851d8b13.drebin,0.006270491983741522
873,5083a561fe231c44511f7c9fb6bd0fde.drebin,3.078385463206601e-11
874,d5a3f90a54a880ceb58143d6f2b2762c.drebin,4.592484117438289e-07
875,4f28dc93e1576a5be198ee9875c938e5.drebin,0.0011675567366182804
876,09f502a90a61229d76c71907b4f3f74f.drebin,0.005062266252934933
877,f831baef04bb69a43e011e6d224a40c9.drebin,4.013160290194939e-11
878,fe355f79d1b1c5cd1749ec57fbc1933a.drebin,0.0017397953197360039
879,9355b6341cb03b273beaa619c1410cba.drebin,0.0004707546322606504
880,fca4f74039bc0eba7f4f29c336a219d1.drebin,4.013160290194939e-11
881,e7599f06329f2136147e4a6bb7c4839e.drebin,0.039307624101638794
882,4beffb16b84e1e2e2d38a326074b1410.drebin,0.0009865937754511833
883,03b29b43e7496b32e1231333ae584015.drebin,4.228642089265655e-11
884,95cfdfe21ce22bce8d6cc6a60985d720.drebin,0.0017397953197360039
885,0e5275ec07e1b85b3692076692632250.drebin,0.003092773724347353
886,0459e5c99036ffa02406636a6eead49b.drebin,0.005876733921468258
887,80efa7feee3aa5da064db9f6b9092eb5.drebin,0.003802440594881773
888,ebb2e511f1123ba37d63b3cdaa79e016.drebin,0.006270491983741522
889,8212da16398c4977f00fcb240a2b831d.drebin,9.093531049692016e-13
890,ebf42f850af5d8f9b7ddc1d5994f9a20.drebin,4.013160290194939e-11
891,6b8b85f5c394d70a4b53f9a7fde962bb.drebin,4.013160290194939e-11
892,37dfbc5c925b255bb87f56315f93eac8.drebin,4.013160290194939e-11
893,35e4717c7499db9cdfce24df81d57436.drebin,0.000336542259901762
894,f9abefaa4a117c54c873eaed04225fe5.drebin,4.013160290194939e-11
895,65c7fcd5f837c851bf18fbb779791b0f.drebin,0.0017397953197360039
896,048231d04b196112083931b258f8758f.drebin,4.013160290194939e-11
897,81374ae6c76a7ff8d9e5b9698a16865d.drebin,0.0035303286276757717
898,e7926be4724c41bcbc852e57e578721d.drebin,1.9697711343968916e-12
899,8a00e182e9517a13b4915960dd8cd1d7.drebin,0.0017397953197360039
900,a81648c8ea3ad3b7c46b97ada1310afa.drebin,4.013160290194939e-11
901,7dd0ac1779c12da0f9f0becc76a9f5fe.drebin,0.5081823468208313
902,b6525287e6daf3544432e143b237fbdb.drebin,8.466699000564404e-06
903,2bd9211e746da40468cf2a1b7041c225.drebin,4.013160290194939e-11
904,ea0c13b0ecd4ab0688f525c187226349.drebin,0.0003949230012949556
905,bd06277583508ca72ded70a917df8438.drebin,0.0017397953197360039
906,76680cef8429e7630f9f1516b4e3b766.drebin,9.093531049692016e-13
907,e73d4b50a907f374d5ebabce1ac133ff.drebin,9.093531049692016e-13
908,6eb5d5c7ff0755ded246f713c642de95.drebin,0.0007280964637175202
909,9af703505d6010ef9caaef6965d6aec2.drebin,0.13478535413742065
910,03e0852622a477331424a36e6d547666.drebin,0.0017397953197360039
911,f34a788754eefd823dd574065e092ce3.drebin,4.013160290194939e-11
912,38a711adb918edb43787be045796cdc5.drebin,0.0004707546322606504
913,9eec424db15fdbdebcede00876f0f6e5.drebin,0.005062266252934933
914,7cfcea1721fb3f4edd2a295381c809fa.drebin,4.013160290194939e-11
915,49560ae990f1e11ac535ca4ee7b63f47.drebin,4.013160290194939e-11
916,0e76c13f28d44fb0dd674241ec93a2a2.drebin,2.0195499786379578e-11
917,3a9efc4e8f5c94f7a5482531d546db36.drebin,0.0029460247606039047
918,b1ec6f2d3b12796e227fa9075798555d.drebin,0.005495900753885508
919,760f2232793e12f7bc6a1200d3cdd5d3.drebin,0.13478535413742065
920,92912d36afc7fd2c9c5a7451e016280b.drebin,0.2642992436885834
921,0ad62f0cc58ad6122c47fe7cfb87132e.drebin,1.300849089602707e-05
922,9ec5c7f650a92d6e744b03938831f9ca.drebin,4.013160290194939e-11
923,7797041acad38d50355875322851ced6.drebin,7.474282998076731e-11
924,658d06c98f326cc8f054d4163f58f1c6.drebin,2.0195499786379578e-11
925,dc916d4bc6764bcec45f9ade87720217.drebin,0.29996711015701294
926,7dc95a66c6032020a6c97c97f1ad5576.drebin,0.015744084492325783
927,da28f27b47f5194ea914cae14ac6ed80.drebin,0.2253989279270172
928,3ea38c92839ae8574fb7c463f4ac1873.drebin,0.008477271534502506
929,416f2c9b34e6c343ae366318283f0d11.drebin,9.093531049692016e-13
930,44d47c43714a6bdb245fa021f544ac6d.drebin,0.37873324751853943
931,90ae48d7d83ed52c465333af4f57e07a.drebin,0.00010184896382270381
932,bd9fe626b60a51398040674ddce251f3.drebin,4.013160290194939e-11
933,c3a689ffa5fc8028dba39166e14025b5.drebin,0.002679208293557167
934,66ae7dc1cf84b12484db7b21b9ef960f.drebin,0.07351872324943542
935,f4174889e680dcd18bde1882cc537c5a.drebin,0.018617581576108932
936,61071cd5fff5c5c09f3d828bc9cb3545.drebin,1.0370157497163746e-06
937,86477f2d38893cbdee280cf08402459c.drebin,2.755886089289561e-05
938,fca316b505f65d2093bae24a7800e821.drebin,0.00010809568630065769
939,a227f2d99bbb99fbc9bfffe4857b7123.drebin,0.5048320293426514
940,23eda36cbc2d9e4a24f428ff36d96d1e.drebin,0.0002488737809471786
941,b4de97da92990fefff6a60416e2af0c5.drebin,0.0004707546322606504
942,cf711044f9e53293e1e0ec0c353d7d93.drebin,0.006270491983741522
943,c9f6fedacda4ea7fd007510137c0ad1e.drebin,0.0017397953197360039
944,540b15ba81cc65e467daee7a0642ebb1.drebin,0.6998216509819031
945,9c72ef9f99502f3bd170953ae08d0eb1.drebin,4.013160290194939e-11
946,571c224d8e20e5e0f624f587312cbd6b.drebin,0.04657559469342232
947,822765d213b91092fd5e8dd65e2463db.drebin,0.5879718661308289
948,7db5426ccba8753a40fe50724d966535.drebin,0.04369479417800903
949,b881df6dd7108041e02884c0756439a7.drebin,4.013160290194939e-11
950,a1aa11c42180eb15d39992ac4f43e0c7.drebin,0.04369479417800903
951,0a2bc2e38b6eb3dfba96ab5ebe3031f4.drebin,0.641788125038147
952,b2c557a82eb4b846e111fb3e5445a3a0.drebin,0.005876733921468258
953,be27e136e54c780e680b60c2f230ba9d.drebin,9.093531049692016e-13
954,0cc87b3ce01f83bdb3878369834649bc.drebin,0.009098236449062824
955,df10f1533c3f5547fd7c8b8d461f6b10.drebin,4.228642089265655e-11
956,0e86065f8ec5bff5025bc32f0a9f875d.drebin,0.0013521264772862196
957,a98e4dddca0390e0ac78921d83150d67.drebin,4.013160290194939e-11
958,1df44b099df0e7f5cf2b12ead31c896b.drebin,0.0017397953197360039
959,10e27fe43e7bb15e7bbf07d86c3723da.drebin,0.00010751430090749636
960,61ac39850a323f55d7e631791cf6f7c7.drebin,1.8640738517206046e-06
961,536d2186381f35aa9a2227ab6b006c25.drebin,2.7865713491337374e-05
962,6a1b03f8bc80ee6602dc092b60f11c46.drebin,0.0010081535438075662
963,1f1e9ac65a290dd7953eaf34bd07bfb6.drebin,0.0017397953197360039
964,851d72c8de0b3bc0234a671fd16de147.drebin,0.008477271534502506
965,779c73b9955342456f465002618a8be2.drebin,0.005062266252934933
966,b3a415835e3dd9169e38b9ac4e53fc14.drebin,0.0011675567366182804
967,6194d41afd73fa5f70a4a72df4ebba38.drebin,0.004262170754373074
968,161b7546fb263f676ee6bdd62697c3d6.drebin,0.04369479417800903
969,23ee36ade3b3a04f7acb4a64ef437a3c.drebin,4.013160290194939e-11
970,53672f093b534264884155d527ddc72e.drebin,1.7638344118608984e-09
971,9b327ae57c1d37eaab6d5f30386d969a.drebin,0.0004707546322606504
972,66afb0274afe270edfda8621d41b1fdd.drebin,0.0013521264772862196
973,74336a46e9fb850d4c961f28550004ac.drebin,0.714155912399292
974,14732c5266e13f9a9a6f0ac8d42bd18f.drebin,0.02135273814201355
975,f26e2f138000b9c5be8cf163b9fcd3a8.drebin,3.92614419979509e-05
976,244c995cc9680e83ca77852f6477c985.drebin,1.5534631957539458e-12
977,2bfae2f8ce4e753298a3ddd3ad3c53e8.drebin,4.013160290194939e-11
978,c2266770627e0f493b2002c2d483b8de.drebin,4.013160290194939e-11
979,3e05ad2afb91b472021310fdb96c8320.drebin,9.093531049692016e-13
980,bf6095d1769a9935ee05b9f24cf6261b.drebin,0.05017418414354324
981,6da50c538fdeb48fa2402e61ad515060.drebin,1.5474226984224515e-06
982,5afb61d0c774ad38c10952bf88a55b1c.drebin,0.0004707546322606504
983,9fbee2d864f8a0411f823c36ab178dd4.drebin,4.013160290194939e-11
984,594696025b5b467522e185d0087b2932.drebin,0.03217100352048874
985,be108d38fb4a231dfe75f15eb0ad5f39.drebin,0.0011675567366182804
986,ed97badf4fc0cf05657a73022c18798a.drebin,6.823420051205176e-09
987,d917438689274c8208c0276dc72dbe5b.drebin,0.0004707546322606504
988,87033f8b70807de6a3a2f8c5c8e0d02e.drebin,4.013160290194939e-11
989,421ee033a8f2cdd52a46104590da5a07.drebin,0.8012427091598511
990,6cad59f2a6eba9bdd48f5260128eac4d.drebin,9.757932275533676e-06
991,65ebfa956c0c1f3567902edbe220bb72.drebin,0.13478535413742065
992,377980b878bba9fc079236848d7405e9.drebin,4.013160290194939e-11
993,b9939cc721447d5d2a2d7d4184916f3b.drebin,0.5352426767349243
994,70b8b48d79ec50d81abdd116bf776e59.drebin,2.0978473003196996e-06
995,d4f3303446ec48b55802fa5d14ed50c5.drebin,0.018031032755970955
996,4c12c8159d6b996bac0afd1b26bb2cee.drebin,0.2418835163116455
997,934de9cd9e5940b021ca135c92c14ce8.drebin,2.4091036721074488e-08
998,ea3781fc396c80f41f529ed4c32b4ec5.drebin,9.757932275533676e-06
999,b0b07fee933e957b0719d14253dd641a.drebin,0.6337326765060425
1000,5eee4b014b03385d1c1b27a8154d71df.drebin,0.0017397953197360039
1001,87670428e154b1a49b9a65194baf5f3f.drebin,2.9935681595816277e-05
1002,faf677722dd45524fd26717579644ef9.drebin,6.913457582413685e-06
1003,b97b483325c56ca630614bb3f55c59eb.drebin,4.6994941840239335e-06
1004,47c24b90544c79262bfe3ff46ea3eb24.drebin,0.304919958114624
1005,f7d46138830d29371ddf9271df9dce85.drebin,0.13478535413742065
1006,7c09537fd3a638a6011caf9a7b193fed.drebin,0.005876733921468258
1007,bc58b3550915edcfe0e7a42aa4b6caa2.drebin,4.013160290194939e-11
1008,dee3f0cd4b0d689678015a55aa606030.drebin,2.0195499786379578e-11
1009,5464a18feec735a5ebb40ef0dcffda8f.drebin,0.0004707546322606504
1010,b651575330d393b34eff1a24d62dad21.drebin,8.949118068812822e-07
1011,8501cf2295b7314f7607802faae4189a.drebin,9.757932275533676e-06
1012,c4ac522b0c193b246e061f076fc9d8c5.drebin,0.03399084508419037
1013,07085ec753e291cc79563399c75632ed.drebin,9.093531049692016e-13
1014,9206bf5c1048d366778913b99b4b78cb.drebin,1.5274900988515583e-07
1015,7dd72637f7212627fee360c9f876a8aa.drebin,0.003758206032216549
1016,bcc0746806414b7dad5f0a09dcda8f46.drebin,4.772506940753374e-07
1017,284e9069aed8db4a7266c7192fecc9dc.drebin,4.013160290194939e-11
1018,3018b2ef72c5bd3d66db45e9fe2273f3.drebin,0.006270491983741522
1019,c094f6a0c82cf9390ac2e62bfc8d4e11.drebin,0.08335709571838379
1020,caa8328760650332535fadb7148cb919.drebin,0.09918121993541718
1021,eaca71657334f3f47cf4708c208b41fa.drebin,4.013160290194939e-11
1022,f3d8d92d01bfb5126de11802fb5a1bce.drebin,4.013160290194939e-11
1023,f6a9d58a93121aa2d2efc9b7f2606730.drebin,0.04369479417800903
1024,7eb389c12d55bdd9dd6ac61d12ad6891.drebin,7.934303880574589e-07
1025,5aa1f910336bbd9e70cb83bb67191261.drebin,0.18599331378936768
1026,f921dc5f56ae215f89cebceec3e20889.drebin,0.03217100352048874
1027,710f42dcadcadad2eeb005efd80b4f47.drebin,1.7356289738756914e-09
1028,6f6f1394856ce6154dc56e0dea870fd5.drebin,0.2818675637245178
1029,5fb1a7320c3216ff12ac3d0a312ef792.drebin,0.003802440594881773
1030,190b1d21414fbb25ce76ade5c7889cf0.drebin,0.6347295045852661
1031,e7ab0415eba38b61433c83885381f598.drebin,9.757932275533676e-06
1032,b8228086fa3176cd6d99cde1bb261e3e.drebin,6.540868735527283e-09
1033,5881659d479ce788c021d02809af1c08.drebin,4.013160290194939e-11
1034,ad9e02d587f53533ba758ada6a1ecaf4.drebin,0.025078296661376953
1035,f23beb43b12fbd404a9587ae1090467d.drebin,0.0004707546322606504
1036,35e35e4ce15a8a3baed2348ca1316507.drebin,4.013160290194939e-11
1037,262d255e38e175e659635659f81bbad3.drebin,0.0017397953197360039
1038,4a31fd68f59c4f584809d867e714ebd6.drebin,0.0017397953197360039
1039,4f6f1363de1a5dd45d8f81cc6a089401.drebin,0.29996711015701294
1040,00a8caf217f1a577bf9ffddb35a20186.drebin,4.013160290194939e-11
1041,291bf601b6de9a030ce51c2848507bf2.drebin,4.013160290194939e-11
1042,ba85719861cbfd36797a61d95ee97dd5.drebin,0.005876733921468258
1043,bf9df26963340cc7cd2549ccadc2ae1d.drebin,0.004486699588596821
1044,79010c6066a27f5f8fdfd2158ee6e68e.drebin,4.013160290194939e-11
1045,42dcd600444dda18185b86e66544afe8.drebin,4.013160290194939e-11
1046,f7562a0c02cd088ff4c75f64b52e5ce2.drebin,4.013160290194939e-11
1047,675cc9b92d45c65279bd682891032c94.drebin,4.013160290194939e-11
1048,f12d42c393bd7faeba92931ef5835edb.drebin,9.757932275533676e-06
1049,9a32f9afcdecf604d0a08cf28a89f166.drebin,0.006578259635716677
1050,364310492073db8fb11005489cf3c5d2.drebin,0.005062266252934933
1051,it.nicola.calcioveneto.drebin,0.0
1052,com.lenovo.launcher.theme.elegant.drebin,0.0148964524269104
1053,com.yes.p4f.drebin,0.0009015202522277832
1054,com.balikbayanapp.drebin,2.9027462005615234e-05
1055,com.appsubstance.appcontrol.drebin,0.06688302755355835
1056,com.hashcube.sudokuquest.drebin,1.1920928955078125e-07
1057,com.ham.android.flybox_free.drebin,0.008986592292785645
1058,com.glu.swf.s1336016257078.drebin,0.007079482078552246
1059,com.avafan.podcasts.drebin,0.04637730121612549
1060,com.Scion.eReceptionist.drebin,0.0
1061,cn.fatebox.drebin,0.00021380186080932617
1062,com.lyrebirdstudio.colorme.drebin,7.152557373046875e-07
1063,com.palringo.android.drebin,1.1920928955078125e-07
1064,com.wumii.android.SITE.app_4ZJBX3Qf.drebin,0.3330088257789612
1065,com.kaspersky.kes.drebin,0.0
1066,se.tactel.reach.drebin,6.079673767089844e-06
1067,com.stonekick.tuner.drebin,0.0
1068,com.lucenly.pocketbook.drebin,0.000582575798034668
1069,net.xdevelop.cp.drebin,0.024224519729614258
1070,com.klimbo.quickdailymotionsearch.drebin,0.0
1071,com.yzmcxx.yiapp.drebin,0.0005267858505249023
1072,org.digitalcure.ccnf.app.drebin,0.00037550926208496094
1073,com.app.yule.drebin,0.11714237928390503
1074,com.educastudio.marbelsayur.drebin,9.334087371826172e-05
1075,com.palmeralabs.content_sharer.happy_birthday_stickers_chat.drebin,2.8848648071289062e-05
1076,autoanswer.receiveautomatically.autocallreceiver.drebin,1.9073486328125e-06
1077,com.melscience.melchemistry.drebin,2.9802322387695312e-06
1078,com.eventbrite.attendee.drebin,3.731250762939453e-05
1079,com.droid.apps.stkj.itlike.drebin,8.344650268554688e-07
1080,com.shazam.android.drebin,0.000773012638092041
1081,com.kokteyl.goal.drebin,0.0
