,apk_name,label,really_label,pred_label
0,3614a90280ccf9ba6035d39931b2379730ca78de95460577dfb326505457e59b_pst.drebin,0.0,1.0,0
1,8fc917c53032167cecacfa6c7b0255562e8bee890ba7582c53e57ee6a08b1c98_pst.drebin,0.0,1.0,0
2,8749e9b257718b4f03ea122c00b7e345bdedff2e1afb48c4b5071bbaac83b8e6_pst.drebin,0.0,1.0,0
3,0804c8515a757bbdff4107c8add9ff43830aba90ebb204009a4765d68f9a6c75_pst.drebin,0.0,1.0,0
4,64860299a1053bf4ff22e445bb98f325841713b4f527f75132137c828e526d34_pst.drebin,0.0,1.0,0
5,926f0241ed053a4f4aef566ab780f31d10e5093ee26825e3889f0cb8af824291_pst.drebin,0.0,1.0,0
6,a081638f604c7b5fad5be5171df429156e66f9218ff5df641cf53ab4e0fcc2a1_pst.drebin,0.0,1.0,0
7,a3d4acc2916e66f4bb789cea07a805a8aaff461b962438723117f502bedbb504_pst.drebin,0.0,1.0,0
8,5a716a88702b336dd5a4de5545629f5161e9a62014887de104adebe494fef78a_pst.drebin,0.0,1.0,0
9,14354ddd2a9d63b3b5c5db94fd717953572f1293f291e26bc7a4725be4b0b3b8_pst.drebin,0.0,1.0,0
10,230b6df9519ce45d34f03d37a71464f064a5d8f9a4c80c4bf56ab184f88610ec_pst.drebin,0.0,1.0,0
11,148e658fdf814a7e56355483e7e51d266bcc124abb30b711ae53b86169cb421a_pst.drebin,0.0,1.0,0
12,fcbd2ff7284b826faef2ef2a7c1d61f1f8ba1b87cfbc8ac9a402169bbb2f6bb7_pst.drebin,0.0,1.0,0
13,6113bc8bbbdfe89114a12ddfa25ad54eed63367cf214624359212db7007a456e_pst.drebin,0.0,1.0,0
14,a01ffa10f84ced8284f610cd5b205beefbde8598103a179427e7e2edcdaf0717_pst.drebin,0.0,1.0,0
15,07f3c7f2aef7d3d880b1393efe7932901037d403aceadda5d3b257c8f378361f_pst.drebin,0.0,1.0,0
16,78c1c57100bc14f9689c3f670d48405d9eb7487df1a34a846296f8dd4ab34e33_pst.drebin,0.0,1.0,0
17,f765c92543d380e2eb69fe3937c858b4969bff062487d1c20aad75d774f8c2a3_pst.drebin,0.0,1.0,0
18,6b7302745e09fc93f22298fb32314e0c3beaa8f23326edbdeb2ba132a11a8d71_pst.drebin,0.0,1.0,0
19,9b6fdcc24af0ebe274508e392eb29c3fa6000e2f47586c357010a142a8df61ed_pst.drebin,0.0,1.0,0
20,ac1fcb0850bf239a1cb1e9b5ca22b8d965846badd2cc01c59882e42a86647c07_pst.drebin,0.0,1.0,0
21,7538030c391fec2ed59342626dd9fc6c4c07d08f153c65408ac370db1b462be8_pst.drebin,0.0,1.0,0
22,e4b074fe31881e0af48d2f660b52c174f4580d2bb56700db6575d1a9dc6c6d3a_pst.drebin,0.0,1.0,0
23,724ca99e75533a1c97efa5a1a4c431dccbad890e9eee86d84beff96e6a95c989_pst.drebin,0.0,1.0,0
24,88faf677ea6f499065be85156eab6b6fb4d9c6b2c091b5b02d112184523f604f_pst.drebin,0.0,1.0,0
25,87ddfd5ccb782b16f3651f39c5b00b9f1d92ac8111b5b973bb4494d9074da9d9_pst.drebin,0.0,1.0,0
26,03b135be43ac95338afa14cad603d5340de1e96a6516f38024bc5016605e061a_pst.drebin,0.0,1.0,0
27,3c629ed2a6c35446ca6e24b4a3c73f467efa81355c7e33c99614839c2efd461c_pst.drebin,0.0,1.0,0
28,4eaa3a6ceb9bdb5d2fef915cd692b1fe8947dbe4599e91f57db783efcddeec76_pst.drebin,0.0,1.0,0
29,edbe6bbbd562f6bb74787ccd8b4c0312832aea7e506151e0557738a5e7e81786_pst.drebin,0.0,1.0,0
30,388d67fda36ebf895b99206455cc6964afee7df7c73ae91348cd2f8c2c78be7a_pst.drebin,0.0,1.0,0
31,79cadd578dc93f7ce6235e5f206ba4580cb5102bbf052abab895e2d5c30b5917_pst.drebin,0.0,1.0,0
32,2590527774e1460274928d33bc6acd2127ea19b7d7d2f3855b40a9652b463b7c_pst.drebin,0.0,1.0,0
33,52d977f5581e20d202c3282646654f000ff336f3c7f1eacfbdc78a8c1ca46424_pst.drebin,0.0,1.0,0
34,c2d0f4506b6c829af80312468e20efd74b217a5dd8f925ae9ede923a71813ffe_pst.drebin,0.0,1.0,0
35,15b8a77e3740c9461e6650923987210a80fd2248ee7756805a3ccc5c2bdddc7b_pst.drebin,0.0,1.0,0
36,5b6db7e24ce5a0ba75ec4fcb55c1d7768aed8781a1646e275936a0ff32ce3f49_pst.drebin,0.0,1.0,0
37,49a5ccf30df068127920c605b3080aca99b896fb628a83786ee0c9ef81e1a9b6_pst.drebin,0.0,1.0,0
38,601299c4dd06d57fbccfa3d9325e7dc5d41c42a2d55f97437d128a3805dc7433_pst.drebin,0.0,1.0,0
39,0ed1ce633b6cfe411f251af1ce290f5ed0845845b0c96e671f8cddfe97969f47_pst.drebin,0.0,1.0,0
40,1304b97edfab0bfe653cad11b41e97af6d6851e9e4e0c054da6f81792336787a_pst.drebin,0.0,1.0,0
41,5d164d975f84decb8fa8511ff7074316d1ebf3531bba6e9ce6d8b156a570c91d_pst.drebin,0.0,1.0,0
42,32204329c1bfb4b15e144e132219b79110afa5bc9337d2b0871aacb4fe71d8a2_pst.drebin,0.0,1.0,0
43,4860e2b63ba73bdf1e0f7ba1f7418293be4d75550d4dae2f25d29d47515c9c28_pst.drebin,0.0,1.0,0
44,59d7632c2b19adcd2bab55a37b13fe895ae3d98c335ea3d8f0c359a92c7e2ef4_pst.drebin,0.0,1.0,0
45,f6f9cae987d50d6cf3af47f52e7b1d4b1707d3bbebf56e41e09894821ded8408_pst.drebin,0.0,1.0,0
46,c140a16408a4af17f2aaac7a997f8b00ccef3d099ddb1caac2472e28fd5f2c30_pst.drebin,0.0,1.0,0
47,ec657c09bd894ddbbe9196f02aaa902a71a8cd95885c018c21e2a43c4e853b1a_pst.drebin,0.0,1.0,0
48,8c24cb6f825e47c91439355c409856f533d5a84c50884a289930788fce9e5364_pst.drebin,0.0,1.0,0
49,b03a8fc6d508e16652b07fb0c3418ce04bd9a3c8e47a3b134615c339e6e66bf7_pst.drebin,0.0,1.0,0
50,99c9f403937ad28cdb650aad1fc472b2c05ca6d562d34c1c065d9ac92644f1d0_pst.drebin,0.0,1.0,0
51,55fe4c4fef7c9e07419fb26f90aad95a52b26d0baabe87d9d45d4c5bd4084fa7_pst.drebin,0.0,1.0,0
52,d08202f5e544355ad9c64854c012b302bb134d5ba04b93aadbca7ec23134b102_pst.drebin,0.0,1.0,0
53,bf3f7d44365d975af5d8d22a010b3d626fc6a1cb15953c957095b154d36a5759_pst.drebin,0.0,1.0,0
54,f3877404a521e72d442870507393d805fcdc7c01aeec7e937b072b25a916329a_pst.drebin,0.0,1.0,0
55,fe97b71b51fdff25703077e8908847089f11371b4aca511756327f8fc343e30f_pst.drebin,0.0,1.0,0
56,f3d4d8da10c42480cc9e9c8256f0f9094a04e8e8b7195e583ec097583b8e319c_pst.drebin,0.0,1.0,0
57,164b2dbcc66ed3540a55eef81aa6898b462ffd23a25747de089fac91880880c9_pst.drebin,0.0,1.0,0
58,0dcad1b75b528e1f20b40e4ef70487534db04c4592a7f9e93183f352ed49fa21_pst.drebin,0.0,1.0,0
59,6b903928b2cc8c5e958307399e685df286c2c472ca0173cf803a6438378a44c5_pst.drebin,0.0,1.0,0
60,faad7834ba63e4dc9b126d9f7fcb0fe60c0d3e775cd2552709917ab4ec74cfe5_pst.drebin,0.0,1.0,0
61,d5e302134c463ff3c58bdc135f8fcbb0c5ada4ba5a9dd2368fe29e46ccb1347d_pst.drebin,0.0,1.0,0
62,0f5e2659806b169fd0232b37d5fbc1d713060cedbc1ba1ee26a1ba41afd1f306_pst.drebin,0.0,1.0,0
63,c07f6b06baf907e094910e433174b4edfc4582942f50ade194a61abdf23085f3_pst.drebin,0.0,1.0,0
64,3729e79c44788fae4a512cea7e33ea30e3d89fbad6284e880c2ad530f8ee074e_pst.drebin,0.0,1.0,0
65,8a1c626ffb8e04d69f8f4a01aa154aaacb386e56b27bf9ac5fcbf24874161700_pst.drebin,0.0,1.0,0
66,c129a55a6c11c945bb2ff99be4547eb1426228999b8afad9aebbbcb74beb400c_pst.drebin,0.0,1.0,0
67,144ffbbe110f84f25a10a825f48d420ef6b5fcd8d698836ae4eeefa1d54e017e_pst.drebin,0.0,1.0,0
68,e8efe7a9081dcc8dd51b34eda3fb8f3d08564ef659f30ae4cf8abcdf56ae2cfb_pst.drebin,0.0,1.0,0
69,39bcc2325c3304b04fee7a82b263dcab978f0053acef8da98f485d35406a93f8_pst.drebin,0.0,1.0,0
70,5030b673a6de2f1e1a83e3cb911fe053bdc38439d6a22ebad1c8a3a59d513205_pst.drebin,0.0,1.0,0
71,b592e55ae16ba0960e74c0617ee385fc08aaf2bd9817e0c46ea9ef7030bef772_pst.drebin,0.0,1.0,0
72,b9c2a70661f875388dff672362e811ee9fdf4374c1b6edb8a1c46b5690d89189_pst.drebin,0.0,1.0,0
73,72f8dc2941ede8b6c4ab6d4b0c947c8550074e535473cdd0811fad94d3f2d973_pst.drebin,0.0,1.0,0
74,0db5abde4183931f2bc0d7ca6ca3e921cd8fdf0134ea7935b1c9878e57eb13d5_pst.drebin,0.0,1.0,0
75,80b4e3f67ddc6658bb3918beeb83fb81136d467509f562663cda270750149dfb_pst.drebin,0.0,1.0,0
76,12c43d0cfefa0b546632e2f45b3e6f97075425d06e01e7dfc4d20d4d6e3bcad0_pst.drebin,0.0,1.0,0
77,efe368b0131387125f61f1e260a60140598ba8660cc29fe52f6b98f92dc08405_pst.drebin,0.0,1.0,0
78,d91460ea4c32dba8b4eb7aac5daa94b2774f17ebd21b523d475be053e86cf0fc_pst.drebin,0.0,1.0,0
79,0025f94ed7defb1f063b30463612f6795c0c5aa0786d51f49722e17962d2bae2_pst.drebin,0.0,1.0,0
80,7edda56f75d0969b0dac563d99d64df27f13687cb605ebf02f1feddba3fb1a81_pst.drebin,0.0,1.0,0
81,05ed925cc4e05d71b21d862affdf2f0d066e1b4eecec3e4da02219125977a7af_pst.drebin,0.0,1.0,0
82,b7fafe06a94583df592af1cf2265a1dd01831fe4e29d1c532bb506f5859a70f9_pst.drebin,0.0,1.0,0
83,98fdba6d024ffec4618803c6872c9deab4be93650911c229d147461a8b842ee2_pst.drebin,0.0,1.0,0
84,a945198c086ad3fe0c5dbbce5ef410ea12986c9c160295d76be881c5f8ae0880_pst.drebin,0.0,1.0,0
85,ef422626e32c6a7647cce1f3abcebe67ec8da322fbf415de8f4b787d4032bbe1_pst.drebin,0.0,1.0,0
86,5f48930cfb460b8e9225daf405c11228787d835890249e3efb6267b2dfe447d0_pst.drebin,0.0,1.0,0
87,c8bb60d2a82e7f1991fb2ad3e5797cf53117e0d36f64e9ca49dd1682654ec735_pst.drebin,0.0,1.0,0
88,a3c0e97a622329b40165044ff83e84dc100b080dfe552ca0bac4382a902cca12_pst.drebin,0.0,1.0,0
89,36e2688ae7cf80b37c7885861ce4feaa65174e5b32f5e027141ef963469c56af_pst.drebin,0.0,1.0,0
90,9deec09720baf4e96a009a0a5819f7856d32d19cb5d6077713689a1eec782936_pst.drebin,0.0,1.0,0
91,e08854a27309e98b72483e99ebe38b3d047338c99ebfc13b4dfad241682f652a_pst.drebin,0.0,1.0,0
92,62579a46b244d2f91550736dbb6a7f2b1896106424f8c4fb7dd0eb99536382a5_pst.drebin,0.0,1.0,0
93,09d9558a9fdfadb98af12f8af01344ad07ef959032eb8e20a8b0a4073bcdccf5_pst.drebin,0.0,1.0,0
94,21748330eac548b0f72c3d171e1c1c6b8a7c441cb6f1800805d12418ff315bc5_pst.drebin,0.0,1.0,0
95,dc6aff0863e0283d1494bd14455fbeda5c40ca387ee35e828705a868e5a9ce6c_pst.drebin,0.0,1.0,0
96,5999af9eab343b97baf2fe6683666601bfc46b6c36bc55de6b49869e87140375_pst.drebin,0.0,1.0,0
97,d98a9aac37efc24c8680c51ce925b4ef8472ddaf62e044dcf2cb7106e3e940b5_pst.drebin,0.0,1.0,0
98,4f62f82139978879c1f2454cf4ffc737ac2134a4db5e5506d6ae2daa73e1c2f9_pst.drebin,0.0,1.0,0
99,e1598d8e6acb5003509b9ef76753b99ca965847a1f25d60d3380f30072130811_pst.drebin,0.0,1.0,0
100,cdf9aa517926a5388d51acab846e9f95e3b1342def24cec0f8e84f64d1d594b6_pst.drebin,0.0,1.0,0
101,dec113368b123f27c8ba599fb06a0cc40831420449eca6983e38ae521e34c7f8_pst.drebin,0.0,1.0,0
102,0a68a27d0298bdb226dac7a5ab4853e8794b3ca8b2d20ee6a413559315d29f35_pst.drebin,0.0,1.0,0
103,0990c3df9fa6cba73fc83809c5163ca15e6f6a54b7c01c1aaa08fc7c292330e9_pst.drebin,0.0,1.0,0
104,fa54e145056cb3e9b488b3a820f9378a140fbffd0721be991f40728b17e454f6_pst.drebin,0.0,1.0,0
105,d79cb0972064102afd1bfbabe9a39262bdc864b10f95e60c47e605d1d3f18562_pst.drebin,0.0,1.0,0
106,0fd122508b65ca096492f6f1aeac9d2a63985bc9e05e5024db29cfbd57655f98_pst.drebin,0.0,1.0,0
107,9d1a38d2800d99f5a3de7ca6468f963339e0cf7f417751311717b71f31d73d3e_pst.drebin,0.0,1.0,0
108,e03bc742338d6f71548debc6f39b693f87ad847422c81f30f3116246b04b27cd_pst.drebin,0.0,1.0,0
109,1261a70b16ed9ed97b101ff9fd1589942f1c8b21a329979ad921b4bfb2e55dbf_pst.drebin,0.0,1.0,0
110,e6b885d626f8ed867e4f6cc34a162338ad0b7558283a885d6774157b98255a77_pst.drebin,0.0,1.0,0
111,0eef2cfcef416e5e2831a63144a408d4fcf27966e731a4aafac099afc39bdc04_pst.drebin,0.0,1.0,0
112,23e6930fe2275b0405c749ce3bde6bd20323615abf9a592f89088836abe806e6_pst.drebin,0.0,1.0,0
113,3b6a60be2d83066f338b6338083155e19eba7a7e9eec022cc4b6c4134323c4b9_pst.drebin,0.0,1.0,0
114,a63fb7d74534d9a57476631d68552f99e59d466fe39bd5590d34d81626ae9efd_pst.drebin,0.0,1.0,0
115,ead64f74c09fdb15be782c73d9269bfbc225ec43c729574e263f9c1f9ccf77c0_pst.drebin,0.0,1.0,0
116,7683fac4df0905d31a5643f55f9db245fe7e8db58c1ec01f71f4b9be5d211850_pst.drebin,0.0,1.0,0
117,bc012d992e854c9ec65c2716bb602c1d461e6d710da4ed616c7e992d6bce49ed_pst.drebin,0.0,1.0,0
118,d759899f641952347220ef40c79294db54e438d6e6b7fe25cd5f05c8b05f86e1_pst.drebin,0.0,1.0,0
119,d5624c7f869504a65986278f6b7921726aa08355d1f203beaee6e6a8869505f4_pst.drebin,0.0,1.0,0
120,3ef6c225a38b66fb878df932c61bed7533c0e819eb733b8fb344edccde80635d_pst.drebin,0.0,1.0,0
121,298c90b074995d01efc294b7dc4c6155e7f0cb04c44b44e222f8e8cb2f510017_pst.drebin,0.0,1.0,0
122,375b3f75799fae5f5a25d118615aaf3fd785428b0e4e4769273f76e81cacf537_pst.drebin,0.0,1.0,0
123,13cec38582ac74ff99f3d80964a45c5a5f082369530dc73d53f9dc861e7ee312_pst.drebin,0.0,1.0,0
124,8e010d8daeb6073a0e1675447c407d672af9e0f42102221a74ac0b05082cc6ed_pst.drebin,0.0,1.0,0
125,8166b50ca897c8f717b0886ae6127513351b3d573c7889cab6c4c6f1ef6615ac_pst.drebin,0.0,1.0,0
126,dc11ac758fad75e2bb295ba159bf1400f88ef1745754f22f29b696bc8de0507d_pst.drebin,0.0,1.0,0
127,8c2822a3f35cd93ba0470bb916fc1a6646ec7c8e89e19f01bc2c9e39aeaa5151_pst.drebin,0.0,1.0,0
128,cc1af167b0936a023a081066a1436169c29c38a05b472dea339ccaa772261d14_pst.drebin,0.0,1.0,0
129,8830ab683a9a5836fb81ac33683244ad1f9bcd51313ed3094c327cdcda34478d_pst.drebin,0.0,1.0,0
130,2de9ff3a5424c796e2bdfbfae637abe7a0306bc399dbd7e287ee6dbe0d9795f3_pst.drebin,0.0,1.0,0
131,e9e46796d65fb0aa189e0f97779a7cbc2a006fef31aa642468bcabdf40e31fe1_pst.drebin,0.0,1.0,0
132,8f834eda50c40a1a8007b1fd0e34ff51357a608d8a27603459625ca7773c4e75_pst.drebin,0.0,1.0,0
133,20a61a94060156d4770412648e1d17ff52b27f52f8b8751362128e313fb49606_pst.drebin,0.0,1.0,0
134,c17ca0937891974d852f619d3b7be5defc79c6d7bf6f3beeebb991e684563902_pst.drebin,0.0,1.0,0
135,2ee5f9e383e4b0fa109eefe7256ac202ac22947f2db71f819c807bd9ec9a2a10_pst.drebin,0.0,1.0,0
136,4735ba2dfbdbb0f1e9a286da83155760c77dcce1bea9c4032ffd39792b251898_pst.drebin,0.0,1.0,0
137,9515d786f44ff2314d0f3b56f7aab83bd1166136066dbb5322b0feece2a45190_pst.drebin,0.0,1.0,0
138,16e6c9d1c644cfdd9168e0b6c25f418b32b713d202075c3a75a0b46f0403033a_pst.drebin,0.0,1.0,0
139,ade471a3ce1310f95a4a55e62f01d58096b4004ab21319b76004a92114ad5b66_pst.drebin,0.0,1.0,0
140,5c92eba748aa0af249d41b7872f9a3155faa2dbad4ee4b174b5fde60b9a17b16_pst.drebin,0.0,1.0,0
141,6f2e2f2bac1438cd088de25bb34c6dea20b41ac7756df397e661013664d56d95_pst.drebin,0.0,1.0,0
142,a2c0b8cf04f4e4ffc3a7b7c093a273a3828f8cb010ecd1fdf7479f0dae54707e_pst.drebin,0.0,1.0,0
143,d3ebfc512fa7365a08da927dfd1d3d512b309ae37e3031aa251981caac7e1a7c_pst.drebin,0.0,1.0,0
144,9d3f58cd29c6f1021c8d6ebac1fe76ba6937d18efb76e81dc6be5ae1daa3ae1d_pst.drebin,0.0,1.0,0
145,691669df30ee9eff77186251b317b1f25da845d57375045f992073dd19e4714a_pst.drebin,0.0,1.0,0
146,898451815fea1ae06953315147064e307383fd405ec6c8c866a13ffbb73ebe2c_pst.drebin,0.0,1.0,0
147,0281dcaf90acbb221383c2787ebf93d21cf12e6367a4313f8ddc482dd6b4683b_pst.drebin,0.0,1.0,0
148,9726175aa221ba22d9ce07d1665d5a6172c4e4bda1aeb3b5e44e5f06a4d9ec47_pst.drebin,0.0,1.0,0
149,d031bae30ec5e287d5aa75d79841da63c9bd77b53c8ed1eb75d1036f4b7260a2_pst.drebin,0.0,1.0,0
150,fd743672c95ad558086c799c249811c57463b4cd5b7d2c3610302d68fd6b5b7b_pst.drebin,0.0,1.0,0
151,40d388650d95cfafab9150b010d43426724acbd0a7013d4196704b7035b17bee_pst.drebin,0.0,1.0,0
152,977677e220b1eaf3ab62e25f4f8793e56e04bdaa3add0562b3203e9d1bcb0168_pst.drebin,0.0,1.0,0
153,ad2edd011a7298275d263cabbc9c5a2a7fc469d2263d44cf2358708eb6be9835_pst.drebin,0.0,1.0,0
154,bb62413eca0628039bd54c7cebfc0f460ffb4a15981410d492e7fe89057e15c4_pst.drebin,0.0,1.0,0
155,ed6fe7b4b2b89dbb5177d01e190abfb36c29a24f6181d0ab53f0fbbf12543308_pst.drebin,0.0,1.0,0
156,095d66a5b98a204adc3857ae8759fe0909c051bb7b78ea8601064303b512515a_pst.drebin,0.0,1.0,0
157,1ed6ac180386d0fb61ae05e832f475228ca414c34f3f9c6c0cda1c63d92dd9f5_pst.drebin,0.0,1.0,0
158,e3439bb4cbf0dd31b4867536565066aaf2e61f1d42a9d33c5e7f33a7ec6c3858_pst.drebin,0.0,1.0,0
159,3809bec6e3a94f42c9c8776801b14b7004064ad83be835ff0fe925a83cb52cb5_pst.drebin,0.0,1.0,0
160,c2e5dbda1e9a4fe32bfc9ebd3eea1e2a83d3850c73e9dedc836e2aeda01632c6_pst.drebin,0.0,1.0,0
161,003585f856a2a322e4a7a989a2bff0eb62e025aa9d2bcec53742f82c76d592e9_pst.drebin,0.0,1.0,0
162,3cdea850cc78b21a20983be0e2e973939e2a8e33bfde9d1d4839f314efc5ad0f_pst.drebin,0.0,1.0,0
163,301f61469dab48bfeee296355fea57d9b5910ead1df9185c7b859d58b5bae88e_pst.drebin,0.0,1.0,0
164,16d493df060415088b87285cb89478159ec0a566a6cf9cc418cab99dcadeabd6_pst.drebin,0.0,1.0,0
165,fa815951f2eba632912ce63c27a44aaae94799ba703b157ff124de450185e762_pst.drebin,0.0,1.0,0
166,b439f642007bd707ac806ba3f71e7b2a022e261fbd9b5dd3882afd8664db98c4_pst.drebin,0.0,1.0,0
167,b05932c2af460c715e24725017095c2417a68aa39aac54c6c7c4ac6d9cb128e0_pst.drebin,0.0,1.0,0
168,73fc74337b516ea74ccc1cdfe647d18ed39f88b9c8993aa02dc61654abca4938_pst.drebin,0.0,1.0,0
169,5e6f8924ff7f75a2c9aafd6d4e77962560cdd9d0cd0f77918736cbdae166be94_pst.drebin,0.0,1.0,0
170,1b3372d4243776ef09d50761aa53aa2fe486d468ff2fa31b46363a0c96929eaa_pst.drebin,0.0,1.0,0
171,0755086e94d0e11dea086684ba253eca459a88deb4e5b92f9a316ae6afb7e4d6_pst.drebin,0.0,1.0,0
172,455832f019dcf3a01044533a38190632386d2a7dc827a19bea2c5a73adeef244_pst.drebin,0.0,1.0,0
173,8f81fd18a8fd47bca50d0ef4e9030225cfa5937d2d5f4cf9a491fcf1d1ddc2a8_pst.drebin,0.0,1.0,0
174,4a5d2a60ef68aa8eb47bf8ae7c5323dc786f0657a7bd8c3af8019e9491c8e3a3_pst.drebin,0.0,1.0,0
175,8171962cbfe3dd358215be31644bcec8126995adbd17460f6280e080c3693af3_pst.drebin,0.0,1.0,0
176,c7b7f4fb9363128f427a4395df8f50039ba06b97c9e1054c74e59881868b7969_pst.drebin,0.0,1.0,0
177,9ea15755ce68c63f0c648f39649aa114d61aa52e583f05e2fdff6b3a1d1f7b01_pst.drebin,0.0,1.0,0
178,86157b785cf42399654a2054f3db9b6dd14250415612e1fee8b3626676173c0f_pst.drebin,0.0,1.0,0
179,ab8831fb36948a337afc7e4ac9d40381fa1ee26e210f27a342a6b986273bbb01_pst.drebin,0.0,1.0,0
180,319a962f486080b4a7dbe1896a4f1a345d86c5644ebedb8f28ab2b737cf9deeb_pst.drebin,0.0,1.0,0
181,ccdd64ac544bed4967cb6a5272de3b9c21d5d6181797a3f26567e87dca6c4ab3_pst.drebin,0.0,1.0,0
182,9a6d6b6ccc974b758e419fd2ca93dcf0eb06d7fc974da16248ddb833527607ae_pst.drebin,0.0,1.0,0
183,fe3e8ee99c3144999d464eb1e43405cb6faa9717c4ce4be010e09007fcdd4544_pst.drebin,0.0,1.0,0
184,abc702afa1eb12ad5e3149d8e61232dd7120c6906c867ed2059aec81b30d3ac4_pst.drebin,0.0,1.0,0
185,612aa197794bc4c88bd7dbed41a9b13b9969befb645761fa384b1a567a50ceee_pst.drebin,0.0,1.0,0
186,5ccb3fb98b34e795dec6e4724903e99c261fbed89084401646cb2d1a80eb61d6_pst.drebin,0.0,1.0,0
187,e0cab5bdee08ffcec684ced511d12fdef39a6be656572c7b3398d9b652a71008_pst.drebin,0.0,1.0,0
188,55d725a0f423ba52f99edca9cd06c1fdaf20c24f5407a7d20db72601c39fee9b_pst.drebin,0.0,1.0,0
189,d0068d7fd120e57e4f9bd3cb6db81250599efcf3d702805dd3d4892feac36aa7_pst.drebin,0.0,1.0,0
190,96f0401eeb9f1af751950b84b0c849523c645968481ade99d9342c4166664ec1_pst.drebin,0.0,1.0,0
191,47aadda3cee837e80c5b3bbd69885c0873c072bf86783b0ea4d7dd883f1e6954_pst.drebin,0.0,1.0,0
192,8e8c4eb2831022830cc6c35cfc07f63480cc716776770a2030063c120dd299ba_pst.drebin,0.0,1.0,0
193,7d7615c17f457ce8253b53bb2ab569565ba91fb0418efb2ee7c93ed72a7c18a9_pst.drebin,0.0,1.0,0
194,68019a986aee3e698f7d141e7900f4c4f3d444de3ab18aa814e1a424f72ccd07_pst.drebin,0.0,1.0,0
195,b507af69805b44470dee6466a3855adc72b56f6dbe400cdc68f09db5f2485679_pst.drebin,0.0,1.0,0
196,b5123f1f5c0997098d2a427deee08567ce24f821aeddaf11c705f1c2c8e64fa9_pst.drebin,0.0,1.0,0
197,21718c10ed6331d1b7935cb02c98ba1cad46997eb98cf68ee2c69c304c59cccc_pst.drebin,0.0,1.0,0
198,ef89022c90002cebf8611f889619e10eebdd13e5753a197d721c57e01b621e69_pst.drebin,0.0,1.0,0
199,2a2902b0014cb5ba3e0451aca4e89fe3c9f03e75a9115ff5cc4499678c23fcb0_pst.drebin,0.0,1.0,0
200,32e66195d3c8f571470c233aa8eb1b8bbb35635f8c6c7a044ff2b28fcd01dfa4_pst.drebin,0.0,1.0,0
201,68430626449e556d1c6cc76b513d0a6b16a6e313eddf8ed9b39971780bc9b4ab_pst.drebin,0.0,1.0,0
202,9ad23e451055a06126e3e42435458e4209a730d7cef574a20c54625f01ac800a_pst.drebin,0.0,1.0,0
203,96366da2a515f49d3e2b608aa94a72ee8e087f5bbdd4a28a6570d7e81828ee16_pst.drebin,0.0,1.0,0
204,10c902a0bb9645ee71ae95528fe90580120e628db17dcdefe8bf7ad4b4bbfc01_pst.drebin,0.0,1.0,0
205,d1a3415dfdd3907de297dd7df2628923ca186a4523b2e6a9b3f660e70abafa8a_pst.drebin,0.0,1.0,0
206,046ecd12af42149989a427d5bb9b06cbe4860e527f272ec1da72a21d3ee58953_pst.drebin,0.0,1.0,0
207,979943dd63751d4882f075c7976848fe08e57eb95371d037235d88f8850f3c43_pst.drebin,0.0,1.0,0
208,6a0c08fc84aee4c815575989e45401d844eff52dd6d31f99d60c5046057776d8_pst.drebin,0.0,1.0,0
209,fcc2a64c56ee11f73bcd4f9d641c879e2e477d657a04681d630a03bd79b9e287_pst.drebin,0.0,1.0,0
210,2ac0adef56706fec58c1deaee0873c37000b1230ac4869842db234d65ec48916_pst.drebin,0.0,1.0,0
211,0eff4ed561b34415051fb462dc998725ddbb6abd985cbabdac2c714b9f1b0da4_pst.drebin,0.0,1.0,0
212,0df7fb1797024888b7ca2b2c70e0b562037962d46d1c1d2ce50e1bcf62bb5886_pst.drebin,0.0,1.0,0
213,8b92e7e9e0dea6d8225da4d39626d50c8cbaf2604ea71f6561f38764c131e9ab_pst.drebin,0.0,1.0,0
214,e156bd90514072c8f493eb6690a18a72a2c758db02c9b0a3dc6a3a5cad1cacd5_pst.drebin,0.0,1.0,0
215,80299212a355dc5f55db47bb5f207d4df1c67eee387a4de973b64938b4c3c516_pst.drebin,0.0,1.0,0
216,3a9acf9661b5ebe236ee6b32e55d467071abee4b64c6e99d6d3239e0cd4a5602_pst.drebin,0.0,1.0,0
217,e8f7efc542694fefabfcebec73ffb0e5a69c01272979a66aef0282335e0400c6_pst.drebin,0.0,1.0,0
218,00453ca8895fd43a2509e3b731ceef37a337fe61a36db3ece0f2952e3edeebc8_pst.drebin,0.0,1.0,0
219,10179bc07e4cd533593b36504de0c0ba082a4a6bc8bfb78043c5850f79bc7a3c_pst.drebin,0.0,1.0,0
220,30a09569ea0334c5ed098220daf7772ac98fc191fe902d8dc97d23f4d93f392d_pst.drebin,0.0,1.0,0
221,48314c51ed91e5fb4e94a7af4ab0a4a330f4a4c6857052c34e93ef1eae8a7209_pst.drebin,0.0,1.0,0
222,a159cf910fee4c1b109c654acdd779a38292e4e54344a10f906f32023cd2de33_pst.drebin,0.0,1.0,0
223,b362b1e271d6fd5fca1ebc0e58ba612b05da08fe5bee17b3e4c2b9e7c1a39f06_pst.drebin,0.0,1.0,0
224,08d9d6656dd86641b2d5364e96f9bd846e33836c67b9f2ab86a46ba22a0a2ae1_pst.drebin,0.0,1.0,0
225,1b0b84db27213523fd33116ab5bd6a4bfc69fc8f970d1dfafe2f3da4971d02b9_pst.drebin,0.0,1.0,0
226,564d484493e4418529e4b6e2979b7896cd228b836193d8f5fec37d455b856578_pst.drebin,0.0,1.0,0
227,4dbdcce9e5baf879efa89d0385bfe595d20f35378732e8ce7499004e9af5592c_pst.drebin,0.0,1.0,0
228,ec0e0d25aa1de4f38894fb1999d6f21535610ffba15423a02ec993fea1561c66_pst.drebin,0.0,1.0,0
229,a48ad103816e6b1754c38dad0ae3908204b84ee75e9f463920376bf531ff6404_pst.drebin,0.0,1.0,0
230,e9b61152a9a880311d36a70069c05e3583a1deb1acb85c11a0cc15b2503dfb01_pst.drebin,0.0,1.0,0
231,1cdbf05980f4cdcd005fa36cda9f06224aaaed55307beeb25d2cd02ecc1a418c_pst.drebin,0.0,1.0,0
232,f44d6423a3323b58336a5b6a3fa705c6022c7d7db047fec1cb7ffe6568264444_pst.drebin,0.0,1.0,0
233,f7630a0879691d700f8f8d7a085c620ccf31b93261f94714f75af0595b4b7c9b_pst.drebin,0.0,1.0,0
234,f666ebb8ac0c9519a295df70e527b1d0eeeb5517a38b7b47ab4e13b98c355f5e_pst.drebin,0.0,1.0,0
235,a419711bb8917782d71ce55eed6e6cb19c00a2a5f92448ea31bc292c8ec3b1b7_pst.drebin,0.0,1.0,0
236,90c572ffe3cfa759d29b297a1e420a56fa2d1e267cd828ed7defa423c8ee7afc_pst.drebin,0.0,1.0,0
237,662a0383a39631cb4533fa548e500f28a746d782bd033f327f4a11aa4f63e498_pst.drebin,0.0,1.0,0
238,dac5846fc382021090670f3910d446e8decd31274bc347fc34d4e2b97d395ad2_pst.drebin,0.0,1.0,0
239,2e6a23988e79902fec21d4d236957eda66fc7ec016412a8e0c6a9c2871626481_pst.drebin,0.0,1.0,0
240,365b4daf45f7306879fcf15eca4c579423746e517a31f3f8b3a6a7d30da46369_pst.drebin,0.0,1.0,0
241,3ddcdc882166b87d3db9d5cc21ccd4c7009e1f134edeebf2846356fbeefd5b9c_pst.drebin,0.0,1.0,0
242,819769710105d25a6ac7777c72a923df51c55a394139cce2edefea7985073843_pst.drebin,0.0,1.0,0
243,6963cfadf84a6ba2c7a13c8795f97e7784223352513b980f1ac839891ba35d46_pst.drebin,0.0,1.0,0
244,c843a089ea3ab421c951549b7691e644fbd01a7ea5ffd5eac0da26a7ada7950c_pst.drebin,0.0,1.0,0
245,6402af22bdbfbcfa190fc6141c09b77e0ee7e99360617959256b5da9cc54925c_pst.drebin,0.0,1.0,0
246,6c56c00943a0512f5b2d4debefc1ed65dde594020eb909f3ba19da85a9ae6072_pst.drebin,0.0,1.0,0
247,786635d1f5e2f4f7d9044921224082d4129a781f2773cfb1e1d3e559baa5f0db_pst.drebin,0.0,1.0,0
248,00cf11a8b905e891a454e5b3fcae41f3ed405e3c5d0f9c1fce310de4a88c42d0_pst.drebin,0.0,1.0,0
249,ef8146741124c40494b1f9796c17098a47ac71c738fa204eeeca6dbbf31044fa_pst.drebin,0.0,1.0,0
250,d54d4e71133c05394ad284dd704b8622da7aa21d5b6362535383fbdba3335319_pst.drebin,0.0,1.0,0
251,f0ec9cab835b9549e4f6e15005e2b7df96ff9fd90c3db731c2a293beb3cdef53_pst.drebin,0.0,1.0,0
252,c9bb707b78a714771ade4c1b4adb1cab8e4e16915f0a022e3f742eba93c3334c_pst.drebin,0.0,1.0,0
253,ae1c6ade56e13e34f9dfc7fe25b4015ea24d6e941b467894a9c90347f8af10a9_pst.drebin,0.0,1.0,0
254,e79d743f133d34f4dda00db503876adda168f4a43b4567543c4689372094f628_pst.drebin,0.0,1.0,0
255,69c52032ebc85ad4f54cfc9de7b54fa05f0d059d1b8dd62866e009c34f1dbd91_pst.drebin,0.0,1.0,0
256,1d5791bfa8d4097bb3ba4ac91fbbb519cdfca523b25edd63704a0e78876b7c0e_pst.drebin,0.0,1.0,0
257,44c1bf70dc22d430601568b1981441538a8562ca837fdd10ef169d32497bc17e_pst.drebin,0.0,1.0,0
258,5232cc98d1ed269233eab62801ec0000b3f3d63607e83678b064fd4c5718871b_pst.drebin,0.0,1.0,0
259,4d27efad6619c12431d73e28a796017d05c13e6ce8b9454e2af359f6cca833d0_pst.drebin,0.0,1.0,0
260,23c9149319bd39526e17db43949fb6fc220846ef01434f0f5470846572050857_pst.drebin,0.0,1.0,0
261,6c1d0a5acf7100bc278fa7227569851ecd43b5025a184e067e2a91f608b55194_pst.drebin,0.0,1.0,0
262,3c1d19abedf31fb18e2d134945678d1c9c7bd460e2cb4cc43a1880c34fb55c2b_pst.drebin,0.0,1.0,0
263,3bdfc62eda1915d5934667a654853d338591ae9a742cc4b5429e79443b8ac506_pst.drebin,0.0,1.0,0
264,f3cfb7b058b121b9ff381a9ab38bcb5a0442edc6932f3f79648badb43cadb07b_pst.drebin,0.0,1.0,0
265,ee5a46aef2c8de91dcf82d346fdcfb9f4d81f74ea9b02406cf71d830b68f505d_pst.drebin,0.0,1.0,0
266,097075e67e8b3af0290175e3a34ebd587d4351294682e3b01274e6a9767d8caf_pst.drebin,0.0,1.0,0
267,edf568790907e970da583855e9b923b2f897fbeb4faf41b87436b23e262b821a_pst.drebin,0.0,1.0,0
268,50ca58df33ea439ee40ee000e39fafbb7072d895a2a096527386f34b9eb42c47_pst.drebin,0.0,1.0,0
269,5593a52c996aba1eb20efe45315251e990f6440fe083fb50b45ba1cafef9b116_pst.drebin,0.0,1.0,0
270,56b0009e7c8ff989a53ed04298ae34aa1eb0bb8375bdbef2f655cb5b6a8a5a40_pst.drebin,0.0,1.0,0
271,b218b349aa6331ebfaaa56c35ac74aef3fcd55858d6359ff4be883f8a7000e40_pst.drebin,0.0,1.0,0
272,a2b17316fa82c6b24d25d6d45b85669d2db4ca28a3aa8bc6a5fed4017dc5c510_pst.drebin,0.0,1.0,0
273,07dc04b694b2bbcdde7ac558de95ec8697ab5f00c021c7c429c52d50239218c5_pst.drebin,0.0,1.0,0
274,71204dc4b164c332a720fc813048d52badb1b3da2bc7acbb3f1ba9616b7cd750_pst.drebin,0.0,1.0,0
275,b1313eaf8c244a0ce18786a1e9a4a2dd556ba66b47e41c3330c4603fc9db1c7f_pst.drebin,0.0,1.0,0
276,2ac82a046d95c71dd6ab5b05161cbd8ec9b024d458ec35fa03d608a4375be0ba_pst.drebin,0.0,1.0,0
277,5fab491d8163104180be3919ad27331ad0f54fa1332aeac481b34a3d9f113418_pst.drebin,0.0,1.0,0
278,d82918e808962dbfa7bbc2836c74a6a5fe96afaf6eeb512d53c4072dadf5d347_pst.drebin,0.0,1.0,0
279,1b78caac3d1be0df3752c559a6cf72da4e89006f08913189beb361a9890ec6ef_pst.drebin,0.0,1.0,0
280,9e51845b946e348c32ad3e701f62845f463de6a2bd614ebd9033b67ccb6b67b1_pst.drebin,0.0,1.0,0
281,c281ea98101c21660e2b8c060de9dc7b521b659158c452bef5016650386cfb2c_pst.drebin,0.0,1.0,0
282,93d203490b8718dca2d9730f9738b13e5cb486b7d009ef8710f068b64165b16c_pst.drebin,0.0,1.0,0
283,ef929b3c054eaba92bb85f5c9f8520bf9e8d9a5a16b904af348ad8081a6ea0a6_pst.drebin,0.0,1.0,0
284,aaa2fd1edd5deb06a2c79eb1c920d2f0ceb1435131089841ae3bdb0aecf415b4_pst.drebin,0.0,1.0,0
285,3b9d15bd3877832f58f97aa09c7a961eb15a1760e973cd73057c66df6f639d6a_pst.drebin,0.0,1.0,0
286,39b78e89278c1cb5698f6b213e8a01c848250779ac0abc3bc5f0fac610629bf6_pst.drebin,0.0,1.0,0
287,0c5f6f74735692fce876d86c95d36c74df88eec9647853590ee8ec9b1fabfce1_pst.drebin,0.0,1.0,0
288,7abde2cd5b6fdf01391e795a6703b7c8384dff3f1ef77ba942079232f60e1cc3_pst.drebin,0.0,1.0,0
289,fc8dce18cfcd72ff9496e43b1f21b5dce4302b0bd26e0c321d5b04039e23c0f8_pst.drebin,0.0,1.0,0
290,cf374651b56ed0d2933e9bdfc7de2db14d52c5e28466a37f272074c9cf43d588_pst.drebin,0.0,1.0,0
291,a979dec44edab1019a0590d0d58801f0822f782f786a47c3c02b20e11682f160_pst.drebin,0.0,1.0,0
292,845570ceffeeb13fcabb697c790619045e9aea431b17514c1369fff07a0f7281_pst.drebin,0.0,1.0,0
293,5606655728a5e64d3c2229deb831d087605a1362fd545dc5d7a93961bf1c7825_pst.drebin,0.0,1.0,0
294,6f5c03106c784fa468a0fab348cf73934dfe0db68428ff8f9a55657bb31cb056_pst.drebin,0.0,1.0,0
295,12513081d23cb68959844614598adf97d70314c27e92c6768937b4160822782f_pst.drebin,0.0,1.0,0
296,174758d24eacc64e82d1caf5b9bacdd246b95cf76f5b63d85b0a42e29ce651f5_pst.drebin,0.0,1.0,0
297,60e1cf28bba835acb166f02b14f8026ef2c1ac0fb87244c9c5e6abd306c649fe_pst.drebin,0.0,1.0,0
298,4338fc4bec543e5fb28225333179c5ebd373b612d2da3545a9d9b1ae6b614281_pst.drebin,0.0,1.0,0
299,985c08283e418fd9990bc30cf9db3be913c3db64e97d284452bd9326f59b00bc_pst.drebin,0.0,1.0,0
300,921398cab5f5f6156a2bdc68f7e54d50c08b7f66f6705092db318ea7fee116f4_pst.drebin,0.0,1.0,0
301,e1bcf578a3877b124967ed89720c5dff3d5fe84347ca2a73d81282c3d0ec10fd_pst.drebin,0.0,1.0,0
302,9f8f32ef22c6101c87534b24d82358b9d5c4f665ab3a027ca544f0d24ef69407_pst.drebin,0.0,1.0,0
303,1ff001f3ea8ef13d562b99b11cee7c1004abf7de486c38e9dddbaa2b64efd992_pst.drebin,0.0,1.0,0
304,8603672f4d02f3aa733db34313b9d146758e8b28e133eb4edb31781ca5847610_pst.drebin,0.0,1.0,0
305,2c0c697f1adb39d2121ca123bdcbe82824be7f0618ebf551a5e514eedbb2f76b_pst.drebin,0.0,1.0,0
306,a6d884337392e78e2595a8e2fa89ce36eb91fed1f5842f8f7d0941c96ffdcdfc_pst.drebin,0.0,1.0,0
307,d3486f0d7693f2cbd555f5ab787ff37eeabfd8b846ad2707611d7a8f929be813_pst.drebin,0.0,1.0,0
308,360f9073c795610c6c7e89a329b684a469012c973a22ad6142159afb7e9b5df5_pst.drebin,0.0,1.0,0
309,6618df0a4473b835763734a3bbaeb2dc450818eb410129a6465741d9ae1fcdc5_pst.drebin,0.0,1.0,0
310,d03c6baa787d30cad9e23565f09209790c978948a5f737e327e68014f5b7f183_pst.drebin,0.0,1.0,0
311,c34a5b440654ced8cfdcd5553838d9249e0db9b0d7b7881a7f2715ba2b52fc8d_pst.drebin,0.0,1.0,0
312,998b1d07d2e42add3e30b7a7f7e838d83e9740bcf4c0a9b9d059adcb7e2e4ea8_pst.drebin,0.0,1.0,0
313,7a10cf95f360ba2b2f99a838dc34fa91d50f6f2c15556bfe69487533b7c791a1_pst.drebin,0.0,1.0,0
314,b840bb972d14c57a9352a092a9a63824a9963fb8edfebdff5b9b52d3df4cefc6_adv.drebin,0.0,1.0,0
315,c52c19adb842297fa8cb5dd555a3a51bce15460a47f4776996eef3e3e0e9aa5b_adv.drebin,0.0,1.0,0
316,6a0c08fc84aee4c815575989e45401d844eff52dd6d31f99d60c5046057776d8_adv.drebin,0.0,1.0,0
317,dec113368b123f27c8ba599fb06a0cc40831420449eca6983e38ae521e34c7f8_adv.drebin,0.0,1.0,0
318,3809bec6e3a94f42c9c8776801b14b7004064ad83be835ff0fe925a83cb52cb5_adv.drebin,0.0,1.0,0
319,0755086e94d0e11dea086684ba253eca459a88deb4e5b92f9a316ae6afb7e4d6_adv.drebin,0.0,1.0,0
320,6f2e2f2bac1438cd088de25bb34c6dea20b41ac7756df397e661013664d56d95_adv.drebin,0.0,1.0,0
321,115abbc8643bdd3606caef0723721648f9f74ea58c002340582c18ec7fabb46c_adv.drebin,0.0,1.0,0
322,781f85b0a57d8352d3d06786b1b3524fbf4a61b2c3ab68db2f30498c47f0db95_adv.drebin,0.0,1.0,0
323,fad7de3e5c6c616f273a074888d820759d3254d228988068452aa612c5d57712_adv.drebin,0.0,1.0,0
324,f765c92543d380e2eb69fe3937c858b4969bff062487d1c20aad75d774f8c2a3_adv.drebin,0.0,1.0,0
325,5232cc98d1ed269233eab62801ec0000b3f3d63607e83678b064fd4c5718871b_adv.drebin,0.0,1.0,0
326,4a5d2a60ef68aa8eb47bf8ae7c5323dc786f0657a7bd8c3af8019e9491c8e3a3_adv.drebin,0.0,1.0,0
327,38de60d097f55d16a36f4bb176532341a131ddd4d08d9f616804a3a691728c8d_adv.drebin,0.0,1.0,0
328,8d88aa192cf369add8e59405f77cf5b9ab4505045319c3db6873512c3eb07e3d_adv.drebin,0.0,1.0,0
329,e888192a3eaa165904cc19129aa31fc1bad9913fb1cfb2cc3df22dde8eeea68d_adv.drebin,0.0,1.0,0
330,eba3da545677d02ca6badcc1f4f91fb01ba8a582e07b1b37414e27a0724e473f_adv.drebin,0.0,1.0,0
331,1a18e48fbd79ce84d946b4d065a7e30c5f10a4762437a6c8d888348afbab685f_adv.drebin,0.0,1.0,0
332,7dcb02d16fe53b3de5536428a4bd3436e41e076760727909eca3c4b1c97985a0_adv.drebin,0.0,1.0,0
333,d710998cc0c38046d8c3713463b992b925a647780d61030462dbee41094d2e21_adv.drebin,0.0,1.0,0
334,bf97a11e0f3cfa86ab38c66031b679aff28571f92251d9c53b469fa16ca1df25_adv.drebin,0.0,1.0,0
335,e43d2c5a4104c1ed9a7415f30b07d48987c5207ad5fda7a8ce13777fc09dcb6d_adv.drebin,0.0,1.0,0
336,07fd179996f62c9cd7cbf1bdba8558b06a7354fa23e08adb1b655e29cbc549d0_adv.drebin,0.0,1.0,0
337,e8ec7e3bde1c3d56f0cbf5ffea9ce43d3fcc026e65247fdf19cd591de5b56e13_adv.drebin,0.0,1.0,0
338,d82918e808962dbfa7bbc2836c74a6a5fe96afaf6eeb512d53c4072dadf5d347_adv.drebin,0.0,1.0,0
339,691669df30ee9eff77186251b317b1f25da845d57375045f992073dd19e4714a_adv.drebin,0.0,1.0,0
340,aac238a9c9306d7ecd3f551fcd138bfba9789e1f8d13c1e90fd1d4e02c98ddc9_adv.drebin,0.0,1.0,0
341,87ddfd5ccb782b16f3651f39c5b00b9f1d92ac8111b5b973bb4494d9074da9d9_adv.drebin,0.0,1.0,0
342,80299212a355dc5f55db47bb5f207d4df1c67eee387a4de973b64938b4c3c516_adv.drebin,0.0,1.0,0
343,fcc2a64c56ee11f73bcd4f9d641c879e2e477d657a04681d630a03bd79b9e287_adv.drebin,0.0,1.0,0
344,f7630a0879691d700f8f8d7a085c620ccf31b93261f94714f75af0595b4b7c9b_adv.drebin,0.0,1.0,0
345,d54d4e71133c05394ad284dd704b8622da7aa21d5b6362535383fbdba3335319_adv.drebin,0.0,1.0,0
346,7ffa7912cc644dddf86f8eafcb09ee401cbfe4a9dc09a3c394847d0d5092e90e_adv.drebin,0.0,1.0,0
347,6ab166a6832b669b755cec6e0b4794a3159a2d24ed8e6d461a67837bba778250_adv.drebin,0.0,1.0,0
348,a48ad103816e6b1754c38dad0ae3908204b84ee75e9f463920376bf531ff6404_adv.drebin,0.0,1.0,0
349,a159cf910fee4c1b109c654acdd779a38292e4e54344a10f906f32023cd2de33_adv.drebin,0.0,1.0,0
350,fd08cb6e2c865af562e7ea171ede7a9d1165a189bb305f9f7102d58e7dd678d6_adv.drebin,0.0,1.0,0
351,b899b4d8776cf86d0551c9460fa3694bb7a8a90d8dafb9efbf5b2fc50eb05cd8_adv.drebin,0.0,1.0,0
352,2e38b0001263ec428204425781bef59526ad1a8e352e5b43a3a68baece492e25_adv.drebin,0.0,1.0,0
353,119eb98fa349156609b1ba13a8edb4574d3344c1326354cdd36e378ef12a3a63_adv.drebin,0.0,1.0,0
354,97d9acf46ba6e3bd759f74d0f2f312165f143a815ff41d26a212f3f99b20b8c6_adv.drebin,0.0,1.0,0
355,a081638f604c7b5fad5be5171df429156e66f9218ff5df641cf53ab4e0fcc2a1_adv.drebin,0.0,1.0,0
356,5e6f8924ff7f75a2c9aafd6d4e77962560cdd9d0cd0f77918736cbdae166be94_adv.drebin,0.0,1.0,0
357,7d7615c17f457ce8253b53bb2ab569565ba91fb0418efb2ee7c93ed72a7c18a9_adv.drebin,0.0,1.0,0
358,00cf11a8b905e891a454e5b3fcae41f3ed405e3c5d0f9c1fce310de4a88c42d0_adv.drebin,0.0,1.0,0
359,b439f642007bd707ac806ba3f71e7b2a022e261fbd9b5dd3882afd8664db98c4_adv.drebin,0.0,1.0,0
360,4d27efad6619c12431d73e28a796017d05c13e6ce8b9454e2af359f6cca833d0_adv.drebin,0.0,1.0,0
361,5d164d975f84decb8fa8511ff7074316d1ebf3531bba6e9ce6d8b156a570c91d_adv.drebin,0.0,1.0,0
362,c266d736a6f8b8f264f73277ef0d5212a7cc9e0af0d9e20e9b8c089e279e2d09_adv.drebin,0.0,1.0,0
363,0df556fbf3767f66a812381ac3976861895855f58e3d24cd194cc3bc51b51f53_adv.drebin,0.0,1.0,0
364,ebf249801e6db5fb877cadbc9b7771466afd6ecc30df5cc340471036d71cf4ba_adv.drebin,0.0,1.0,0
365,d03c6baa787d30cad9e23565f09209790c978948a5f737e327e68014f5b7f183_adv.drebin,0.0,1.0,0
366,0e96522086fd29af094efc55e659117a8c6e13ad53f6b5d744ab625e3bac7f51_adv.drebin,0.0,1.0,0
367,9f8f32ef22c6101c87534b24d82358b9d5c4f665ab3a027ca544f0d24ef69407_adv.drebin,0.0,1.0,0
368,0a68a27d0298bdb226dac7a5ab4853e8794b3ca8b2d20ee6a413559315d29f35_adv.drebin,0.0,1.0,0
369,e8f7efc542694fefabfcebec73ffb0e5a69c01272979a66aef0282335e0400c6_adv.drebin,0.0,1.0,0
370,e5719cbd1807376970b78c94c52f2821004b3e703c369274ca50712c980842c0_adv.drebin,0.0,1.0,0
371,999c5bfee9481e8f4059403d56921c308839186715167f34e2bd00fa06d0bd48_adv.drebin,0.0,1.0,0
372,6963cfadf84a6ba2c7a13c8795f97e7784223352513b980f1ac839891ba35d46_adv.drebin,0.0,1.0,0
373,7551a62418b28443b7e9389152e93d5c1297ce577fcac89101711d2fda03580f_adv.drebin,0.0,1.0,0
374,5b6db7e24ce5a0ba75ec4fcb55c1d7768aed8781a1646e275936a0ff32ce3f49_adv.drebin,0.0,1.0,0
375,ddde7ed83882eff4530e942ead46926da33b19795d0ed6a9d98013e9a61f8f8c_adv.drebin,0.0,1.0,0
376,beeef0ea14e20232e71dfda71fd3151d0aef6a9764f140fde8de006efad0e423_adv.drebin,0.0,1.0,0
377,12513081d23cb68959844614598adf97d70314c27e92c6768937b4160822782f_adv.drebin,0.0,1.0,0
378,7c940a56ec8522b6c84607f822dde8f5fb48480312583f3d1fd81e9af02f6e6b_adv.drebin,0.0,1.0,0
379,79cadd578dc93f7ce6235e5f206ba4580cb5102bbf052abab895e2d5c30b5917_adv.drebin,0.0,1.0,0
380,2036b3dc0ecd2378c5f26f0513ef862a834e4df213c4ea873767e27dbba1c686_adv.drebin,0.0,1.0,0
381,5a716a88702b336dd5a4de5545629f5161e9a62014887de104adebe494fef78a_adv.drebin,0.0,1.0,0
382,db293fd1f3ab31b677b5e10a8f2176b7b286b64d2e491ace0c53b32fc252e8ad_adv.drebin,0.0,1.0,0
383,455832f019dcf3a01044533a38190632386d2a7dc827a19bea2c5a73adeef244_adv.drebin,0.0,1.0,0
384,372a252bb293f5235499c4b875cd10575844eb00209e1dd7dea8cf61d8c87e6e_adv.drebin,0.0,1.0,0
385,a2b17316fa82c6b24d25d6d45b85669d2db4ca28a3aa8bc6a5fed4017dc5c510_adv.drebin,0.0,1.0,0
386,fa54e145056cb3e9b488b3a820f9378a140fbffd0721be991f40728b17e454f6_adv.drebin,0.0,1.0,0
387,b567861e8731289a79044b76c120a0f2f336d74ea2c2b3074243f383374149a6_adv.drebin,0.0,1.0,0
388,a979dec44edab1019a0590d0d58801f0822f782f786a47c3c02b20e11682f160_adv.drebin,0.0,1.0,0
389,ba84eb2885f01c15dfda3fe394486be9e7e0faece28eaba70b007be5864c233d_adv.drebin,0.0,1.0,0
390,a01ffa10f84ced8284f610cd5b205beefbde8598103a179427e7e2edcdaf0717_adv.drebin,0.0,1.0,0
391,98fdba6d024ffec4618803c6872c9deab4be93650911c229d147461a8b842ee2_adv.drebin,0.0,1.0,0
392,9d1a38d2800d99f5a3de7ca6468f963339e0cf7f417751311717b71f31d73d3e_adv.drebin,0.0,1.0,0
393,095d66a5b98a204adc3857ae8759fe0909c051bb7b78ea8601064303b512515a_adv.drebin,0.0,1.0,0
394,d759899f641952347220ef40c79294db54e438d6e6b7fe25cd5f05c8b05f86e1_adv.drebin,0.0,1.0,0
395,65ac82b8d756a548760f16e1c8671197716f5b7b1bdfb72f1adce34e0aec4824_adv.drebin,0.0,1.0,0
396,edbe6bbbd562f6bb74787ccd8b4c0312832aea7e506151e0557738a5e7e81786_adv.drebin,0.0,1.0,0
397,1ef4c138f486b7a9aff83efe3bdfa890a846d096392d59c8666eadf988120055_adv.drebin,0.0,1.0,0
398,5a7956c061127f98d505214e0642493d5a97e88db2ed66e1940839d5d46901b9_adv.drebin,0.0,1.0,0
399,0f66a54a0ea89ce28cd7dce1a01201553ab8dc80b4f1f5abb256b05bdac0cdd7_adv.drebin,0.0,1.0,0
400,d5624c7f869504a65986278f6b7921726aa08355d1f203beaee6e6a8869505f4_adv.drebin,0.0,1.0,0
401,ead64f74c09fdb15be782c73d9269bfbc225ec43c729574e263f9c1f9ccf77c0_adv.drebin,0.0,1.0,0
402,005ec0b94643dbdb4258a4c27851ba4f8cb9694d7fb6a8457d7f2578692a9a42_adv.drebin,0.0,1.0,0
403,c4e1e9db34a6cc3a29dc040cd710cf24927ec4a0f6f63e5ce7b9b39f679f53b6_adv.drebin,0.0,1.0,0
404,6c1ed581a3843a9cbe7a864bff72cf2ad914733dc90fea105f66ab5c6e24b2c8_adv.drebin,0.0,1.0,0
405,09d9558a9fdfadb98af12f8af01344ad07ef959032eb8e20a8b0a4073bcdccf5_adv.drebin,0.0,1.0,0
406,0ed1ce633b6cfe411f251af1ce290f5ed0845845b0c96e671f8cddfe97969f47_adv.drebin,0.0,1.0,0
407,b05932c2af460c715e24725017095c2417a68aa39aac54c6c7c4ac6d9cb128e0_adv.drebin,0.0,1.0,0
408,a342ff00ec753989780eb0378e80c832c3860c639d900cd8d9a655b7799b82a4_adv.drebin,0.0,1.0,0
409,0db5abde4183931f2bc0d7ca6ca3e921cd8fdf0134ea7935b1c9878e57eb13d5_adv.drebin,0.0,1.0,0
410,1b0b84db27213523fd33116ab5bd6a4bfc69fc8f970d1dfafe2f3da4971d02b9_adv.drebin,0.0,1.0,0
411,fcbd2ff7284b826faef2ef2a7c1d61f1f8ba1b87cfbc8ac9a402169bbb2f6bb7_adv.drebin,0.0,1.0,0
412,e91dfc1cb52d19d8339609c490185bb14d3122cbb6b864a0a76f4b78e661836b_adv.drebin,0.0,1.0,0
413,66e9f7ac68fb07aec08d9fcefbeec04e0d10702d335ac6a9415ec2fabdb1fb15_adv.drebin,0.0,1.0,0
414,7d1d626def8ec6a0a9d2dbd22831e680c88ff823f77b9a5f61e815af5ea0574a_adv.drebin,0.0,1.0,0
415,9d3f58cd29c6f1021c8d6ebac1fe76ba6937d18efb76e81dc6be5ae1daa3ae1d_adv.drebin,0.0,1.0,0
416,27209615d24d06941c2027b34a4bca1556d7b8bd54540267c52f9c9076ba26d2_adv.drebin,0.0,1.0,0
417,0d9cb8010681d5f35969fb84f96ffcc53dd0b37aee62f522c2972bebf2759f02_adv.drebin,0.0,1.0,0
418,1fc27b476f97135f4302afbdee59416f7e9af71285b3151ca3287c0bfe0add3a_adv.drebin,0.0,1.0,0
419,2ee5f9e383e4b0fa109eefe7256ac202ac22947f2db71f819c807bd9ec9a2a10_adv.drebin,0.0,1.0,0
420,1450057896df63f62949b3844812abd608e1eebcc64dc12b275bd47752e11134_adv.drebin,0.0,1.0,0
421,5c3566871a57a4195901afd77dafc553489d7afca96e34358b253db24637f73d_adv.drebin,0.0,1.0,0
422,819769710105d25a6ac7777c72a923df51c55a394139cce2edefea7985073843_adv.drebin,0.0,1.0,0
423,d866cfa99617065ed7fa59da13ba3e0a8878f3dcd0cd5aa1b2cee41168552e92_adv.drebin,0.0,1.0,0
424,e8efe7a9081dcc8dd51b34eda3fb8f3d08564ef659f30ae4cf8abcdf56ae2cfb_adv.drebin,0.0,1.0,0
425,45a4f3c8791e8b2e4984d8d81302dda5f47b1f41b03b3ae2545be5c78b8900c7_adv.drebin,0.0,1.0,0
426,30d5dec1fe8ccf804856442fbb098b583a0d67567d8a5a391b9ccf570d2b2d0b_adv.drebin,0.0,1.0,0
427,9b6fdcc24af0ebe274508e392eb29c3fa6000e2f47586c357010a142a8df61ed_adv.drebin,0.0,1.0,0
428,86157b785cf42399654a2054f3db9b6dd14250415612e1fee8b3626676173c0f_adv.drebin,0.0,1.0,0
429,144ffbbe110f84f25a10a825f48d420ef6b5fcd8d698836ae4eeefa1d54e017e_adv.drebin,0.0,1.0,0
430,0a394ec6d7c750349a54d4893b83df31072900e804ce4845dcae763348c2e187_adv.drebin,0.0,1.0,0
431,b44c29c5cec18965c87e3626c50d7e03a4e4d47c19e5ee7af8b35346c14e1528_adv.drebin,0.0,1.0,0
432,d16c3e5590ce8f245c1327479814dd92be239e56f0de98ec39b356a3632fdc3c_adv.drebin,0.0,1.0,0
433,8171962cbfe3dd358215be31644bcec8126995adbd17460f6280e080c3693af3_adv.drebin,0.0,1.0,0
434,39354cba9301700ff3e08d182a2cb4fde94d92caddd9aed89ba2198983d004fd_adv.drebin,0.0,1.0,0
435,ccdd64ac544bed4967cb6a5272de3b9c21d5d6181797a3f26567e87dca6c4ab3_adv.drebin,0.0,1.0,0
436,b1313eaf8c244a0ce18786a1e9a4a2dd556ba66b47e41c3330c4603fc9db1c7f_adv.drebin,0.0,1.0,0
437,8f834eda50c40a1a8007b1fd0e34ff51357a608d8a27603459625ca7773c4e75_adv.drebin,0.0,1.0,0
438,07612382983aff33fa9382371ad1b183deef3df620f6d0221754c0a2f6d29978_adv.drebin,0.0,1.0,0
439,beeeb3cafc0ea246cc6dd82d82489621414d6cab9ceb50e70fd9835f5733178c_adv.drebin,0.0,1.0,0
440,6391c588d057fc4d7d78d5cfa5abb145d8de08d1a82598694222737b87e62755_adv.drebin,0.0,1.0,0
441,6b7302745e09fc93f22298fb32314e0c3beaa8f23326edbdeb2ba132a11a8d71_adv.drebin,0.0,1.0,0
442,47aadda3cee837e80c5b3bbd69885c0873c072bf86783b0ea4d7dd883f1e6954_adv.drebin,0.0,1.0,0
443,a6291a63e3b4e8e3b58e96db2a98ba918e674b21b3483ec0a69da5c5594390d8_adv.drebin,0.0,1.0,0
444,cc4148a15990e3d827f50f24228d24d1dcd1b0e18df35e68da44c3d48cb9e104_adv.drebin,0.0,1.0,0
445,8166b50ca897c8f717b0886ae6127513351b3d573c7889cab6c4c6f1ef6615ac_adv.drebin,0.0,1.0,0
446,d0068d7fd120e57e4f9bd3cb6db81250599efcf3d702805dd3d4892feac36aa7_adv.drebin,0.0,1.0,0
447,c2e5dbda1e9a4fe32bfc9ebd3eea1e2a83d3850c73e9dedc836e2aeda01632c6_adv.drebin,0.0,1.0,0
448,dff357adb6b243ea464aad26cd036067d1488967801ad772da414562c8feb581_adv.drebin,0.0,1.0,0
449,5606655728a5e64d3c2229deb831d087605a1362fd545dc5d7a93961bf1c7825_adv.drebin,0.0,1.0,0
450,7538030c391fec2ed59342626dd9fc6c4c07d08f153c65408ac370db1b462be8_adv.drebin,0.0,1.0,0
451,6b7e689c8d793062d9b2f4016217de350f1903bdac9e5404e45304768c6654a8_adv.drebin,0.0,1.0,0
452,8fc917c53032167cecacfa6c7b0255562e8bee890ba7582c53e57ee6a08b1c98_adv.drebin,0.0,1.0,0
453,cdf9aa517926a5388d51acab846e9f95e3b1342def24cec0f8e84f64d1d594b6_adv.drebin,0.0,1.0,0
454,59d7632c2b19adcd2bab55a37b13fe895ae3d98c335ea3d8f0c359a92c7e2ef4_adv.drebin,0.0,1.0,0
455,8dc16c3eda0aae5c4df0863a071ab0d1d7daf2349c84cf1de76548e9eafe7180_adv.drebin,0.0,1.0,0
456,6a1f35b3390152fc57d81c32be3104fe91d718e3c6caafaf6cd345107d41048a_adv.drebin,0.0,1.0,0
457,1b3372d4243776ef09d50761aa53aa2fe486d468ff2fa31b46363a0c96929eaa_adv.drebin,0.0,1.0,0
458,44b5fe994c76e4c59fdb70d15062ca10d37b1f9cfd867f5f88be5f7ce642a8b3_adv.drebin,0.0,1.0,0
459,a945198c086ad3fe0c5dbbce5ef410ea12986c9c160295d76be881c5f8ae0880_adv.drebin,0.0,1.0,0
460,05389695fd1a613716ee276b2e192b7b742caeeeedc8696931218167ef9a609d_adv.drebin,0.0,1.0,0
461,3ebb4c2bc959080eb9ba2328d10610b59e77892667f8cc5794479f0625e283ec_adv.drebin,0.0,1.0,0
462,d91460ea4c32dba8b4eb7aac5daa94b2774f17ebd21b523d475be053e86cf0fc_adv.drebin,0.0,1.0,0
463,1d9af01746886e35eaffaa6afe449d8dcbc135dce3c5047efa08d50a565897ba_adv.drebin,0.0,1.0,0
464,0fd122508b65ca096492f6f1aeac9d2a63985bc9e05e5024db29cfbd57655f98_adv.drebin,0.0,1.0,0
465,c2d0f4506b6c829af80312468e20efd74b217a5dd8f925ae9ede923a71813ffe_adv.drebin,0.0,1.0,0
466,724ca99e75533a1c97efa5a1a4c431dccbad890e9eee86d84beff96e6a95c989_adv.drebin,0.0,1.0,0
467,32204329c1bfb4b15e144e132219b79110afa5bc9337d2b0871aacb4fe71d8a2_adv.drebin,0.0,1.0,0
468,3c629ed2a6c35446ca6e24b4a3c73f467efa81355c7e33c99614839c2efd461c_adv.drebin,0.0,1.0,0
469,c7b7f4fb9363128f427a4395df8f50039ba06b97c9e1054c74e59881868b7969_adv.drebin,0.0,1.0,0
470,2e5b4afe5cc2d10dd4cc38c7e47971dc1b366cb67535905b02bcf71af0e4809b_adv.drebin,0.0,1.0,0
471,2590527774e1460274928d33bc6acd2127ea19b7d7d2f3855b40a9652b463b7c_adv.drebin,0.0,1.0,0
472,72f8dc2941ede8b6c4ab6d4b0c947c8550074e535473cdd0811fad94d3f2d973_adv.drebin,0.0,1.0,0
473,81a6fbe12bdc81d9c587ea4a16d8e0eb8e23322dfec9d43c1a7acc7c66bf398a_adv.drebin,0.0,1.0,0
474,cedb1775c2d23b9a36eb01a73c9cb44280dd831eda6f5ac5ac0664e932064d1c_adv.drebin,0.0,1.0,0
475,5c92eba748aa0af249d41b7872f9a3155faa2dbad4ee4b174b5fde60b9a17b16_adv.drebin,0.0,1.0,0
476,03c78d58f22b4ebe6bb92735d19c869e57d10ed3071644c1a429170e7c9f3d51_adv.drebin,0.0,1.0,0
477,daafd978b9c3d6ce45df705f9c5de432609546673441a7f1ecae7c4f42069fe1_adv.drebin,0.0,1.0,0
478,977677e220b1eaf3ab62e25f4f8793e56e04bdaa3add0562b3203e9d1bcb0168_adv.drebin,0.0,1.0,0
479,50ca58df33ea439ee40ee000e39fafbb7072d895a2a096527386f34b9eb42c47_adv.drebin,0.0,1.0,0
480,80b4e3f67ddc6658bb3918beeb83fb81136d467509f562663cda270750149dfb_adv.drebin,0.0,1.0,0
481,9060299b10f692f32584d8dad305397ab71beca864c87ba87187d7104e7716ee_adv.drebin,0.0,1.0,0
482,fd743672c95ad558086c799c249811c57463b4cd5b7d2c3610302d68fd6b5b7b_adv.drebin,0.0,1.0,0
483,dd69d556a9d4db2679a55b544f88e3a746a0220e2a491b9167fce1b9dcc58e0c_adv.drebin,0.0,1.0,0
484,145e19c23f3076a8bc9b501ff57a02fbc2114de2c83ee3add0645ad77ba1a703_adv.drebin,0.0,1.0,0
485,cf374651b56ed0d2933e9bdfc7de2db14d52c5e28466a37f272074c9cf43d588_adv.drebin,0.0,1.0,0
486,824292a8c31b5db002571af9adae59f4f783716d83b54e76eb40fe3d10473220_adv.drebin,0.0,1.0,0
487,f0ec9cab835b9549e4f6e15005e2b7df96ff9fd90c3db731c2a293beb3cdef53_adv.drebin,0.0,1.0,0
488,8e8c4eb2831022830cc6c35cfc07f63480cc716776770a2030063c120dd299ba_adv.drebin,0.0,1.0,0
489,fe3a6f2d4cdf1fcdc8c0653f7bc2e09d1e90ef17ecab1e56837b5bf9965cad79_adv.drebin,0.0,1.0,0
490,56d9bd48defd22f1c7ae0036a7dec89cbd5dc5509a924943b91b29165ea5d400_adv.drebin,0.0,1.0,0
491,23c9149319bd39526e17db43949fb6fc220846ef01434f0f5470846572050857_adv.drebin,0.0,1.0,0
492,93d203490b8718dca2d9730f9738b13e5cb486b7d009ef8710f068b64165b16c_adv.drebin,0.0,1.0,0
493,ebe97f89e65af3bb64530114d6a2aab6d52bd6d3d3d4daf435e3a05bb44812f4_adv.drebin,0.0,1.0,0
494,5b898a5ae331fb40c383e3c35bbf27b3ecf94ee68fb8a39e7918c9dbf32c74c0_adv.drebin,0.0,1.0,0
495,046ecd12af42149989a427d5bb9b06cbe4860e527f272ec1da72a21d3ee58953_adv.drebin,0.0,1.0,0
496,2681b0ea19336bad9a6ef2ceddd505f9dd4d0a58f967c72fea198a9bc05ec43c_adv.drebin,0.0,1.0,0
497,32e66195d3c8f571470c233aa8eb1b8bbb35635f8c6c7a044ff2b28fcd01dfa4_adv.drebin,0.0,1.0,0
498,f95f0532ee23bddfceaa0271e822f102039cb627c1b3d2d33de080266ba6a213_adv.drebin,0.0,1.0,0
499,662a0383a39631cb4533fa548e500f28a746d782bd033f327f4a11aa4f63e498_adv.drebin,0.0,1.0,0
500,703ddcd984c50571fe711a97523cebf061e49fe73604d651de1766d16856241e_adv.drebin,0.0,1.0,0
501,5137edd9fa6e73be3b5c14c50faf0b6602c7a155e30a931d2a98b31ac1e021c9_adv.drebin,0.0,1.0,0
502,d47dafa05ccb9e7d93a524c042c0f42fc3af33d64f74f8a12e1ca9c662ded06c_adv.drebin,0.0,1.0,0
503,35d7f04bf90be9c17d492126edb5ea3ca1e4b6c5270750d86bd93d557afba17e_adv.drebin,0.0,1.0,0
504,18fe62cc9e1f74d541884755a0a6f493fc91fcd457bbcee59c7e16a5458bbd55_adv.drebin,0.0,1.0,0
505,0990c3df9fa6cba73fc83809c5163ca15e6f6a54b7c01c1aaa08fc7c292330e9_adv.drebin,0.0,1.0,0
506,90c572ffe3cfa759d29b297a1e420a56fa2d1e267cd828ed7defa423c8ee7afc_adv.drebin,0.0,1.0,0
507,07dc04b694b2bbcdde7ac558de95ec8697ab5f00c021c7c429c52d50239218c5_adv.drebin,0.0,1.0,0
508,6c1d0a5acf7100bc278fa7227569851ecd43b5025a184e067e2a91f608b55194_adv.drebin,0.0,1.0,0
509,edf568790907e970da583855e9b923b2f897fbeb4faf41b87436b23e262b821a_adv.drebin,0.0,1.0,0
510,375b3f75799fae5f5a25d118615aaf3fd785428b0e4e4769273f76e81cacf537_adv.drebin,0.0,1.0,0
511,f3cfb7b058b121b9ff381a9ab38bcb5a0442edc6932f3f79648badb43cadb07b_adv.drebin,0.0,1.0,0
512,16e6c9d1c644cfdd9168e0b6c25f418b32b713d202075c3a75a0b46f0403033a_adv.drebin,0.0,1.0,0
513,99c9f403937ad28cdb650aad1fc472b2c05ca6d562d34c1c065d9ac92644f1d0_adv.drebin,0.0,1.0,0
514,f666ebb8ac0c9519a295df70e527b1d0eeeb5517a38b7b47ab4e13b98c355f5e_adv.drebin,0.0,1.0,0
515,0281dcaf90acbb221383c2787ebf93d21cf12e6367a4313f8ddc482dd6b4683b_adv.drebin,0.0,1.0,0
516,15b8a77e3740c9461e6650923987210a80fd2248ee7756805a3ccc5c2bdddc7b_adv.drebin,0.0,1.0,0
517,39bcc2325c3304b04fee7a82b263dcab978f0053acef8da98f485d35406a93f8_adv.drebin,0.0,1.0,0
518,69c52032ebc85ad4f54cfc9de7b54fa05f0d059d1b8dd62866e009c34f1dbd91_adv.drebin,0.0,1.0,0
519,301f61469dab48bfeee296355fea57d9b5910ead1df9185c7b859d58b5bae88e_adv.drebin,0.0,1.0,0
520,d03ef13cdce33ee116cf145af10ba2189d79f778057c2695cd6c9f025d948b3e_adv.drebin,0.0,1.0,0
521,03b135be43ac95338afa14cad603d5340de1e96a6516f38024bc5016605e061a_adv.drebin,0.0,1.0,0
522,1f9d5aadeadda76ad9930d0f1aef45ce899e688f423b1eaeb26cabae9bacf64f_adv.drebin,0.0,1.0,0
523,65b82099b5b7e089e8fe7b48ab4caff3da58f11e9524db3745f06e2beccff9ff_adv.drebin,0.0,1.0,0
524,e9b61152a9a880311d36a70069c05e3583a1deb1acb85c11a0cc15b2503dfb01_adv.drebin,0.0,1.0,0
525,16d493df060415088b87285cb89478159ec0a566a6cf9cc418cab99dcadeabd6_adv.drebin,0.0,1.0,0
526,1d3406588121db18f1f9a1420ff1a516195d1eb99f82d96e8c26e8686004bb91_adv.drebin,0.0,1.0,0
527,3b6a60be2d83066f338b6338083155e19eba7a7e9eec022cc4b6c4134323c4b9_adv.drebin,0.0,1.0,0
528,68430626449e556d1c6cc76b513d0a6b16a6e313eddf8ed9b39971780bc9b4ab_adv.drebin,0.0,1.0,0
529,a57b3c1ea5625f8f09e043b487871b58964f6dbd883547cb52644a2a43fae8d9_adv.drebin,0.0,1.0,0
530,5999af9eab343b97baf2fe6683666601bfc46b6c36bc55de6b49869e87140375_adv.drebin,0.0,1.0,0
531,8f617e67ea6bdc4daf680875de10b3df79ec141780b1ff7604155a66021fee76_adv.drebin,0.0,1.0,0
532,7e816684532c0c283cee722e1784108e02adabc6af80c1fe3e6e8b4e3a256ff7_adv.drebin,0.0,1.0,0
533,9e51845b946e348c32ad3e701f62845f463de6a2bd614ebd9033b67ccb6b67b1_adv.drebin,0.0,1.0,0
534,6b903928b2cc8c5e958307399e685df286c2c472ca0173cf803a6438378a44c5_adv.drebin,0.0,1.0,0
535,1cdbf05980f4cdcd005fa36cda9f06224aaaed55307beeb25d2cd02ecc1a418c_adv.drebin,0.0,1.0,0
536,1c41f5520782e319cc0c320efcfcd87319741d296b503d450a19c0acc98ab8fd_adv.drebin,0.0,1.0,0
537,9a6d6b6ccc974b758e419fd2ca93dcf0eb06d7fc974da16248ddb833527607ae_adv.drebin,0.0,1.0,0
538,d19f0006cbf9b184e29130f358dae000f5591bf25a8d272aeb0bc97bb0a40197_adv.drebin,0.0,1.0,0
539,5b0178010b1942055da5fda8a794b521580f963f97cdd2d159737ea3067cd5b1_adv.drebin,0.0,1.0,0
540,e957ce5882c17fbf92666340f7e81918a70a8cd31c3f5efcb403fdb3d77afe97_adv.drebin,0.0,1.0,0
541,a63fb7d74534d9a57476631d68552f99e59d466fe39bd5590d34d81626ae9efd_adv.drebin,0.0,1.0,0
542,0eef2cfcef416e5e2831a63144a408d4fcf27966e731a4aafac099afc39bdc04_adv.drebin,0.0,1.0,0
543,9d94b84c2adf825dc0600772dd5e7f0e792cd48f0ef223fca31dd37d4babdc17_adv.drebin,0.0,1.0,0
544,44c1bf70dc22d430601568b1981441538a8562ca837fdd10ef169d32497bc17e_adv.drebin,0.0,1.0,0
545,9bc16283971ad511c6e297f0910078648df3992205e4b7a660f7d0cdbbd079fa_adv.drebin,0.0,1.0,0
546,2c8650fd6122813e966ec88908dd80022047bd07d085b73bd28a452463dec0cd_adv.drebin,0.0,1.0,0
547,f574e38548ec0bb222ac28a7c8b87124f4419f8ae4bce0c74d87ac4b2ba1888a_adv.drebin,0.0,1.0,0
548,08801c78e26ae605907825c5ae2588412be78bb5ef88e78c8573930d93a385ae_adv.drebin,0.0,1.0,0
549,7edda56f75d0969b0dac563d99d64df27f13687cb605ebf02f1feddba3fb1a81_adv.drebin,0.0,1.0,0
550,13cec38582ac74ff99f3d80964a45c5a5f082369530dc73d53f9dc861e7ee312_adv.drebin,0.0,1.0,0
551,981a029df46bd35171d5e6612d90231badb7b7069062a9dc7732d5ac5652e016_adv.drebin,0.0,1.0,0
552,52d977f5581e20d202c3282646654f000ff336f3c7f1eacfbdc78a8c1ca46424_adv.drebin,0.0,1.0,0
553,c08c74ef5ec9102e50248daf81a1d148e6a471ad6ced12065c5cc68b7b31365e_adv.drebin,0.0,1.0,0
554,c140a16408a4af17f2aaac7a997f8b00ccef3d099ddb1caac2472e28fd5f2c30_adv.drebin,0.0,1.0,0
555,8f81fd18a8fd47bca50d0ef4e9030225cfa5937d2d5f4cf9a491fcf1d1ddc2a8_adv.drebin,0.0,1.0,0
556,b9dfe4f2c72b07ff719bc4104173f80ac3c59b663f713179d3357fcf74f5b964_adv.drebin,0.0,1.0,0
557,78c1c57100bc14f9689c3f670d48405d9eb7487df1a34a846296f8dd4ab34e33_adv.drebin,0.0,1.0,0
558,a3cd2d8dab7ced749a29307797a0dfefe238864b1f5bf6bafdf6e66c30c009b6_adv.drebin,0.0,1.0,0
559,003585f856a2a322e4a7a989a2bff0eb62e025aa9d2bcec53742f82c76d592e9_adv.drebin,0.0,1.0,0
560,68019a986aee3e698f7d141e7900f4c4f3d444de3ab18aa814e1a424f72ccd07_adv.drebin,0.0,1.0,0
561,1304b97edfab0bfe653cad11b41e97af6d6851e9e4e0c054da6f81792336787a_adv.drebin,0.0,1.0,0
562,6c56c00943a0512f5b2d4debefc1ed65dde594020eb909f3ba19da85a9ae6072_adv.drebin,0.0,1.0,0
563,4860e2b63ba73bdf1e0f7ba1f7418293be4d75550d4dae2f25d29d47515c9c28_adv.drebin,0.0,1.0,0
564,07e47fbf43c585155ddcdae49c3330c00ceceedf6c9f98432cf631769a21b206_adv.drebin,0.0,1.0,0
565,30866091584856ac8a7f353172c3d9b0643602f351be56ba92b4ab2dfd68230d_adv.drebin,0.0,1.0,0
566,5befe76298deeab386d94449873f3b2542a2f1035cafb7b8be7319cb971bee30_adv.drebin,0.0,1.0,0
567,aa931d8bfd0c99975650e171ba844eb598004c6c9e5e0cddb3d5613cc6045460_adv.drebin,0.0,1.0,0
568,c2cb3068d444ae0d955250d073f628cd2b9700ce8a63a73335f2941bf5e2e1eb_adv.drebin,0.0,1.0,0
569,5da0c968ae7c2897cd5aa12e264ea536237d79130f3b45308b0283568c2fd9c6_adv.drebin,0.0,1.0,0
570,02b2f21b775e0d0930e1f9a8d11f196070de2aea96937f1d5e89a9573853716c_adv.drebin,0.0,1.0,0
571,4338fc4bec543e5fb28225333179c5ebd373b612d2da3545a9d9b1ae6b614281_adv.drebin,0.0,1.0,0
572,3b9d15bd3877832f58f97aa09c7a961eb15a1760e973cd73057c66df6f639d6a_adv.drebin,0.0,1.0,0
573,d1a3415dfdd3907de297dd7df2628923ca186a4523b2e6a9b3f660e70abafa8a_adv.drebin,0.0,1.0,0
574,ab8831fb36948a337afc7e4ac9d40381fa1ee26e210f27a342a6b986273bbb01_adv.drebin,0.0,1.0,0
575,b7fafe06a94583df592af1cf2265a1dd01831fe4e29d1c532bb506f5859a70f9_adv.drebin,0.0,1.0,0
576,5ccb3fb98b34e795dec6e4724903e99c261fbed89084401646cb2d1a80eb61d6_adv.drebin,0.0,1.0,0
577,04839874a44990fa2ca63379769025ab0b28eabb62c46e9c9840e9add4af6c1c_adv.drebin,0.0,1.0,0
578,c019ae1da3ed354bccb0c23334746252c32e70b6a3a9bb55ace2c31302fe29d6_adv.drebin,0.0,1.0,0
579,f75ec9b5530e0261d79e0b24c4c9a4b0dd7856323ddafa18831948b4b1481a54_adv.drebin,0.0,1.0,0
580,04ef88724f02a0500210239e4f65931204860adb66d8c47109e01302d3ed814c_adv.drebin,0.0,1.0,0
581,601299c4dd06d57fbccfa3d9325e7dc5d41c42a2d55f97437d128a3805dc7433_adv.drebin,0.0,1.0,0
582,fa79cc7ff4b438ee604ceb27ba4c894de83eea4ddc1d68ac336f134a5e321f57_adv.drebin,0.0,1.0,0
583,93d55a653b5e494eedf828b711e3b8149c7293f3f2d78ed061b0c4d166a5cca3_adv.drebin,0.0,1.0,0
584,8c24cb6f825e47c91439355c409856f533d5a84c50884a289930788fce9e5364_adv.drebin,0.0,1.0,0
585,ba96783b3ccb04de793ba8b0f144d1b66cd7b4a6c5b5115ca3122e4215b8c351_adv.drebin,0.0,1.0,0
586,ae1c6ade56e13e34f9dfc7fe25b4015ea24d6e941b467894a9c90347f8af10a9_adv.drebin,0.0,1.0,0
587,bb648cd9cf8d19ce807b1c6f80204c4becb223bd1767a6ba2735a0d99c54b629_adv.drebin,0.0,1.0,0
588,0eff4ed561b34415051fb462dc998725ddbb6abd985cbabdac2c714b9f1b0da4_adv.drebin,0.0,1.0,0
589,750f9e06c4fc52a0aa13dabc4d19cbf8a97a5e9a4ee43cce9ec862e509028090_adv.drebin,0.0,1.0,0
590,b96ed1a59f47b5c8889985fb04304216bed3d41a3fa340ce67c686628b583034_adv.drebin,0.0,1.0,0
591,37c95029de50c52e3416b394e2feb27ac9e1fc11954ff87064e613f0c9917b33_adv.drebin,0.0,1.0,0
592,0dcad1b75b528e1f20b40e4ef70487534db04c4592a7f9e93183f352ed49fa21_adv.drebin,0.0,1.0,0
593,54b9d932c2a2dd3903d6e58e34cf569ec5a7233a5ee622aac056025b4f7af97f_adv.drebin,0.0,1.0,0
594,c129a55a6c11c945bb2ff99be4547eb1426228999b8afad9aebbbcb74beb400c_adv.drebin,0.0,1.0,0
595,a15419356485660f68b50027abc76a052d34427b45eebb23573294c21d834eaa_adv.drebin,0.0,1.0,0
596,9515d786f44ff2314d0f3b56f7aab83bd1166136066dbb5322b0feece2a45190_adv.drebin,0.0,1.0,0
597,19944bf715391ecb7aac998b469c52ae3116060ac7b46d4a6d1bc23f7ed14ec7_adv.drebin,0.0,1.0,0
598,dac5846fc382021090670f3910d446e8decd31274bc347fc34d4e2b97d395ad2_adv.drebin,0.0,1.0,0
599,faad7834ba63e4dc9b126d9f7fcb0fe60c0d3e775cd2552709917ab4ec74cfe5_adv.drebin,0.0,1.0,0
600,dc671acbf7c0e6b3270e63a75ba1f03b6b667df24e671d57ab8a23a400badb8c_adv.drebin,0.0,1.0,0
601,d3486f0d7693f2cbd555f5ab787ff37eeabfd8b846ad2707611d7a8f929be813_adv.drebin,0.0,1.0,0
602,319a962f486080b4a7dbe1896a4f1a345d86c5644ebedb8f28ab2b737cf9deeb_adv.drebin,0.0,1.0,0
603,7abde2cd5b6fdf01391e795a6703b7c8384dff3f1ef77ba942079232f60e1cc3_adv.drebin,0.0,1.0,0
604,396fcdd6ed1588535347fd67f4cb64e7b8df49b477353bf40982f10e25cabec7_adv.drebin,0.0,1.0,0
605,0191f7250d86c7e25d07c348a612d2b13ebc9bfb6646fa1dae084163319d5a07_adv.drebin,0.0,1.0,0
606,b362b1e271d6fd5fca1ebc0e58ba612b05da08fe5bee17b3e4c2b9e7c1a39f06_adv.drebin,0.0,1.0,0
607,c07f6b06baf907e094910e433174b4edfc4582942f50ade194a61abdf23085f3_adv.drebin,0.0,1.0,0
608,0f5e2659806b169fd0232b37d5fbc1d713060cedbc1ba1ee26a1ba41afd1f306_adv.drebin,0.0,1.0,0
609,bf890322056c8705cb40b129bd032f74abce3c497adc4150ff982c8825383dd4_adv.drebin,0.0,1.0,0
610,1037a17c6dba09780d075ad72ea16ce2bf7a2b83d3a7b6442d8d4104d93ce931_adv.drebin,0.0,1.0,0
611,e08854a27309e98b72483e99ebe38b3d047338c99ebfc13b4dfad241682f652a_adv.drebin,0.0,1.0,0
612,b122c079533b4f22235943c80bb9ed5e2e8f0f343177a9ef8a096ea3e5ed1201_adv.drebin,0.0,1.0,0
613,96366da2a515f49d3e2b608aa94a72ee8e087f5bbdd4a28a6570d7e81828ee16_adv.drebin,0.0,1.0,0
614,5448a893d673393a78323fd4acb1d001c93809e14fb6e6123b1da610831a06e8_adv.drebin,0.0,1.0,0
615,ecb23483ca0c7dbd4197390c1902bedd17835cd1fcbfba30b65e1357117aefce_adv.drebin,0.0,1.0,0
616,c8bb60d2a82e7f1991fb2ad3e5797cf53117e0d36f64e9ca49dd1682654ec735_adv.drebin,0.0,1.0,0
617,cabde2e40f926c1df393a934b08393367f5f039c030bfbfe45d81d8267f0e72e_adv.drebin,0.0,1.0,0
618,e06bda3e1d0833cd15720710d9078fc9deed02b7b54d57e01889b89842e7db11_adv.drebin,0.0,1.0,0
619,c7f00e4648d11c86f13346e1c85ff57c7c8761a87c5dc79957e236c8095c8191_adv.drebin,0.0,1.0,0
620,9ad23e451055a06126e3e42435458e4209a730d7cef574a20c54625f01ac800a_adv.drebin,0.0,1.0,0
621,985c08283e418fd9990bc30cf9db3be913c3db64e97d284452bd9326f59b00bc_adv.drebin,0.0,1.0,0
622,3cdea850cc78b21a20983be0e2e973939e2a8e33bfde9d1d4839f314efc5ad0f_adv.drebin,0.0,1.0,0
623,7a10cf95f360ba2b2f99a838dc34fa91d50f6f2c15556bfe69487533b7c791a1_adv.drebin,0.0,1.0,0
624,21718c10ed6331d1b7935cb02c98ba1cad46997eb98cf68ee2c69c304c59cccc_adv.drebin,0.0,1.0,0
625,f6239ba0487ffcf4d09255dba781440d2600d3c509e66018e6a5724912df34a9_adv.drebin,0.0,1.0,0
626,c9d705056dc94035eed7e9f2148bf90f9bc03b6ab37c49682f1f0ca3e141f4f7_adv.drebin,0.0,1.0,0
627,c9f3cfe32f4a78d6dba6a1b3af3cc00974bf61b4eadbde4e8ab50cf5f77aae7c_adv.drebin,0.0,1.0,0
628,0d53592d1f7d75bb900501df2fae55062700371884742992b36d822ddbfa7c10_adv.drebin,0.0,1.0,0
629,a662e7f40884ad4d9b1d61634756e748ceee6a73b1e5332aa68c62bebe8f9df8_adv.drebin,0.0,1.0,0
630,d98a9aac37efc24c8680c51ce925b4ef8472ddaf62e044dcf2cb7106e3e940b5_adv.drebin,0.0,1.0,0
631,d08202f5e544355ad9c64854c012b302bb134d5ba04b93aadbca7ec23134b102_adv.drebin,0.0,1.0,0
632,a95eca4f24f3e98996c209736b797ba3a85971097930881b464a8b8796733b09_adv.drebin,0.0,1.0,0
633,230b6df9519ce45d34f03d37a71464f064a5d8f9a4c80c4bf56ab184f88610ec_adv.drebin,0.0,1.0,0
634,2b4f80512d91417e4a96c9921942fcd1fa7c712a0682d65c60605f5254576a37_adv.drebin,0.0,1.0,0
635,c42b95620caaae1c03dfe1f2c756a3583cd0731d8522ee3275e9196db8027753_adv.drebin,0.0,1.0,0
636,c4255f6853a4d13dde167e04cb70fd6e8c3a96a019b430b9f7448cc26818baf5_adv.drebin,0.0,1.0,0
637,148e658fdf814a7e56355483e7e51d266bcc124abb30b711ae53b86169cb421a_adv.drebin,0.0,1.0,0
638,dc11ac758fad75e2bb295ba159bf1400f88ef1745754f22f29b696bc8de0507d_adv.drebin,0.0,1.0,0
639,0df7fb1797024888b7ca2b2c70e0b562037962d46d1c1d2ce50e1bcf62bb5886_adv.drebin,0.0,1.0,0
640,827ecf6b88bd9a9d1dde205d90c1ed7ffe9b12b1be84a1813993504e8d55e6fa_adv.drebin,0.0,1.0,0
641,ad2edd011a7298275d263cabbc9c5a2a7fc469d2263d44cf2358708eb6be9835_adv.drebin,0.0,1.0,0
642,fb56dd45db3a965e81ef598409f0a2338b47f5380ab3509381326062d7e532d6_adv.drebin,0.0,1.0,0
643,10c902a0bb9645ee71ae95528fe90580120e628db17dcdefe8bf7ad4b4bbfc01_adv.drebin,0.0,1.0,0
644,dc6aff0863e0283d1494bd14455fbeda5c40ca387ee35e828705a868e5a9ce6c_adv.drebin,0.0,1.0,0
645,a8c6ae857f47aba5c374594373b375082def84388a44a9a30a3bfed808981f56_adv.drebin,0.0,1.0,0
646,96f0401eeb9f1af751950b84b0c849523c645968481ade99d9342c4166664ec1_adv.drebin,0.0,1.0,0
647,c9bb707b78a714771ade4c1b4adb1cab8e4e16915f0a022e3f742eba93c3334c_adv.drebin,0.0,1.0,0
648,2ac82a046d95c71dd6ab5b05161cbd8ec9b024d458ec35fa03d608a4375be0ba_adv.drebin,0.0,1.0,0
649,35f7c44591672804c7e186f3b9d73f70a3ec53adaf0c8f0dfc9466a1e99d017e_adv.drebin,0.0,1.0,0
650,60e1cf28bba835acb166f02b14f8026ef2c1ac0fb87244c9c5e6abd306c649fe_adv.drebin,0.0,1.0,0
651,e19a9161dcc85f621a249e423fd1db211b5c238a548bb2692b528204466e7226_adv.drebin,0.0,1.0,0
652,0025f94ed7defb1f063b30463612f6795c0c5aa0786d51f49722e17962d2bae2_adv.drebin,0.0,1.0,0
653,3614a90280ccf9ba6035d39931b2379730ca78de95460577dfb326505457e59b_adv.drebin,0.0,1.0,0
654,62579a46b244d2f91550736dbb6a7f2b1896106424f8c4fb7dd0eb99536382a5_adv.drebin,0.0,1.0,0
655,ed6fe7b4b2b89dbb5177d01e190abfb36c29a24f6181d0ab53f0fbbf12543308_adv.drebin,0.0,1.0,0
656,3ef6c225a38b66fb878df932c61bed7533c0e819eb733b8fb344edccde80635d_adv.drebin,0.0,1.0,0
657,a419711bb8917782d71ce55eed6e6cb19c00a2a5f92448ea31bc292c8ec3b1b7_adv.drebin,0.0,1.0,0
658,fea3c2decbb7d596aab0bdfae1a761a2d291b5fc19d4bb9fe41373ded47f5493_adv.drebin,0.0,1.0,0
659,e9e46796d65fb0aa189e0f97779a7cbc2a006fef31aa642468bcabdf40e31fe1_adv.drebin,0.0,1.0,0
660,5593a52c996aba1eb20efe45315251e990f6440fe083fb50b45ba1cafef9b116_adv.drebin,0.0,1.0,0
661,df590a5dc8fcd885f66b11e5a6b0d60be73afbda7becfe7e2559b50ced8efce1_adv.drebin,0.0,1.0,0
662,a41fc921b87efee8fe9cc33817fa2ff87aca319dd9cc8484976a3c0277d57c24_adv.drebin,0.0,1.0,0
663,bf787a19cc449879442846586e1f7cbb2cd3b7c6483a6147ae2dc7d8511e7888_adv.drebin,0.0,1.0,0
664,e79d743f133d34f4dda00db503876adda168f4a43b4567543c4689372094f628_adv.drebin,0.0,1.0,0
665,b2bfc8f8447d377f10e667ebc030aa71cad963dffd1d517bfe2159b07a50e8ce_adv.drebin,0.0,1.0,0
666,0c5f6f74735692fce876d86c95d36c74df88eec9647853590ee8ec9b1fabfce1_adv.drebin,0.0,1.0,0
667,ade471a3ce1310f95a4a55e62f01d58096b4004ab21319b76004a92114ad5b66_adv.drebin,0.0,1.0,0
668,40447ff74d4f269e3968e1c638063c2fdea17a7dcde36d548b698927b83749e0_adv.drebin,0.0,1.0,0
669,6f5c03106c784fa468a0fab348cf73934dfe0db68428ff8f9a55657bb31cb056_adv.drebin,0.0,1.0,0
670,3a9acf9661b5ebe236ee6b32e55d467071abee4b64c6e99d6d3239e0cd4a5602_adv.drebin,0.0,1.0,0
671,a6f4c8de604d5b9b3c6d2c6e2bcae4029409ae24f92ea3adb26d71e38dada37e_adv.drebin,0.0,1.0,0
672,5030b673a6de2f1e1a83e3cb911fe053bdc38439d6a22ebad1c8a3a59d513205_adv.drebin,0.0,1.0,0
673,4dbdcce9e5baf879efa89d0385bfe595d20f35378732e8ce7499004e9af5592c_adv.drebin,0.0,1.0,0
674,a87e649444c02fdd424114cb7c6b33f37dde496d122390c9e51d694d7b3843da_adv.drebin,0.0,1.0,0
675,6bed2fd9fe2a19ba917e9d67bc279130d3b00a9b8f0f7246d3ee0b8b729ad9aa_adv.drebin,0.0,1.0,0
676,9b1451a3d5e7f026beff6ecc0dee78375331cb7b1c1cde16e61a1b7bbd14218b_adv.drebin,0.0,1.0,0
677,2a2902b0014cb5ba3e0451aca4e89fe3c9f03e75a9115ff5cc4499678c23fcb0_adv.drebin,0.0,1.0,0
678,d2bb09f8441baa6b98b3afbf97a07ec868c3657df8930946912e30aad786abb3_adv.drebin,0.0,1.0,0
679,1b78caac3d1be0df3752c559a6cf72da4e89006f08913189beb361a9890ec6ef_adv.drebin,0.0,1.0,0
680,0d57e6827f5c951983f5dfe0383489483012a8122a3b41f13372ab0fa1ece4b2_adv.drebin,0.0,1.0,0
681,1498c6144043260412d120df732f1c332c9f2b69310e1ca46848a6cf182d22f8_adv.drebin,0.0,1.0,0
682,3729e79c44788fae4a512cea7e33ea30e3d89fbad6284e880c2ad530f8ee074e_adv.drebin,0.0,1.0,0
683,8749e9b257718b4f03ea122c00b7e345bdedff2e1afb48c4b5071bbaac83b8e6_adv.drebin,0.0,1.0,0
684,9c87679d426201abe2562ec1c8f8c9bec969fd7449cc49c7b4f042cd99d3bcef_adv.drebin,0.0,1.0,0
685,03f8bd273f6f59372547f165d0d4b4efa0b677d054abfa23225c58fc79518431_adv.drebin,0.0,1.0,0
686,e1bcf578a3877b124967ed89720c5dff3d5fe84347ca2a73d81282c3d0ec10fd_adv.drebin,0.0,1.0,0
687,564d484493e4418529e4b6e2979b7896cd228b836193d8f5fec37d455b856578_adv.drebin,0.0,1.0,0
688,5b05609b32832c76a3c7d1bcff28631df0281abcb5479885d29bbd5fae4a772d_adv.drebin,0.0,1.0,0
689,20a61a94060156d4770412648e1d17ff52b27f52f8b8751362128e313fb49606_adv.drebin,0.0,1.0,0
690,93038103e943f0c946d93632020f21eca49b07b1a0eb2d5ee84fe742b8c301f7_adv.drebin,0.0,1.0,0
691,14354ddd2a9d63b3b5c5db94fd717953572f1293f291e26bc7a4725be4b0b3b8_adv.drebin,0.0,1.0,0
692,2409e4ad0132a7257cfc589485803b6480e52b8df3b6e1a277f5ed8cc7bc4487_adv.drebin,0.0,1.0,0
693,6d74447ea2cbeafae4799b732d987da33931b3061a87b7d17d8e7e88eb98398b_adv.drebin,0.0,1.0,0
694,9642acea64d44c11233adaf39a74228be15fb7fa5982a2d9f78960bebfce23c0_adv.drebin,0.0,1.0,0
695,898451815fea1ae06953315147064e307383fd405ec6c8c866a13ffbb73ebe2c_adv.drebin,0.0,1.0,0
696,64860299a1053bf4ff22e445bb98f325841713b4f527f75132137c828e526d34_adv.drebin,0.0,1.0,0
697,6113bc8bbbdfe89114a12ddfa25ad54eed63367cf214624359212db7007a456e_adv.drebin,0.0,1.0,0
698,55fe4c4fef7c9e07419fb26f90aad95a52b26d0baabe87d9d45d4c5bd4084fa7_adv.drebin,0.0,1.0,0
699,e156bd90514072c8f493eb6690a18a72a2c758db02c9b0a3dc6a3a5cad1cacd5_adv.drebin,0.0,1.0,0
700,1ff001f3ea8ef13d562b99b11cee7c1004abf7de486c38e9dddbaa2b64efd992_adv.drebin,0.0,1.0,0
701,e6b885d626f8ed867e4f6cc34a162338ad0b7558283a885d6774157b98255a77_adv.drebin,0.0,1.0,0
702,3aad1ff20dde6671507597b8b8e8af6f476e4c9c5b5086e83cdbe98b18b720b0_adv.drebin,0.0,1.0,0
703,07f3c7f2aef7d3d880b1393efe7932901037d403aceadda5d3b257c8f378361f_adv.drebin,0.0,1.0,0
704,03d1161b5e4e76db43b9a484596b4524ac7e40a9b4fbba637e1e62c069698702_adv.drebin,0.0,1.0,0
705,2e6a23988e79902fec21d4d236957eda66fc7ec016412a8e0c6a9c2871626481_adv.drebin,0.0,1.0,0
706,a3c0e97a622329b40165044ff83e84dc100b080dfe552ca0bac4382a902cca12_adv.drebin,0.0,1.0,0
707,49a5ccf30df068127920c605b3080aca99b896fb628a83786ee0c9ef81e1a9b6_adv.drebin,0.0,1.0,0
708,be9c7ed1c706a261f41e0b1a8fca6e4e8ca80f67695da4418cdd44f5d7aa9815_adv.drebin,0.0,1.0,0
709,6402af22bdbfbcfa190fc6141c09b77e0ee7e99360617959256b5da9cc54925c_adv.drebin,0.0,1.0,0
710,94adb4f813f9adbfe0215e83fdb1401a405a42da975bde421f88e592825d989c_adv.drebin,0.0,1.0,0
711,e21f9e670b56737b26e01c56ea3602435f277bfa464de546e7563566a3e9cdd9_adv.drebin,0.0,1.0,0
712,81dde1e1fb2c4f3df332b268dc845e89fc5be736233b7335e17bdcdaaceb4839_adv.drebin,0.0,1.0,0
713,3bdfc62eda1915d5934667a654853d338591ae9a742cc4b5429e79443b8ac506_adv.drebin,0.0,1.0,0
714,8830ab683a9a5836fb81ac33683244ad1f9bcd51313ed3094c327cdcda34478d_adv.drebin,0.0,1.0,0
715,8c2822a3f35cd93ba0470bb916fc1a6646ec7c8e89e19f01bc2c9e39aeaa5151_adv.drebin,0.0,1.0,0
716,8a1c626ffb8e04d69f8f4a01aa154aaacb386e56b27bf9ac5fcbf24874161700_adv.drebin,0.0,1.0,0
717,66fdeb1485975e3993805c2fc942915f71e2686e5f1f814ddbfa2e776df7a5c2_adv.drebin,0.0,1.0,0
718,c84f5534da6d267aad533b0128b40d6ba7b057998c682c8951c87f82c77cfef0_adv.drebin,0.0,1.0,0
719,979943dd63751d4882f075c7976848fe08e57eb95371d037235d88f8850f3c43_adv.drebin,0.0,1.0,0
720,ef422626e32c6a7647cce1f3abcebe67ec8da322fbf415de8f4b787d4032bbe1_adv.drebin,0.0,1.0,0
721,30a09569ea0334c5ed098220daf7772ac98fc191fe902d8dc97d23f4d93f392d_adv.drebin,0.0,1.0,0
722,d7e92c773bded90520f34c54e13a5922e8d4a04f6c2b15eb310af98c2050bd0a_adv.drebin,0.0,1.0,0
723,d3ebfc512fa7365a08da927dfd1d3d512b309ae37e3031aa251981caac7e1a7c_adv.drebin,0.0,1.0,0
724,b470ca5fa257517b9d7eb6f03de4b6278eb296febcae665aa8ba12eb6bf4ad02_adv.drebin,0.0,1.0,0
725,abc702afa1eb12ad5e3149d8e61232dd7120c6906c867ed2059aec81b30d3ac4_adv.drebin,0.0,1.0,0
726,9ea15755ce68c63f0c648f39649aa114d61aa52e583f05e2fdff6b3a1d1f7b01_adv.drebin,0.0,1.0,0
727,30f3d33f9891656912178b6ce4cdeca36f873b11026c1a99ac03acc90ae330d3_adv.drebin,0.0,1.0,0
728,fa815951f2eba632912ce63c27a44aaae94799ba703b157ff124de450185e762_adv.drebin,0.0,1.0,0
729,bead19537eaee3ecfdcdc4aff1ed774fd43e362c794ec1dc23bd0b0f153bd090_adv.drebin,0.0,1.0,0
730,9e9fef1079a8d20a3074a1be16be029333d863add15dd0a44d67ab685bee7ea4_adv.drebin,0.0,1.0,0
731,d599e982bb56694d488769a1e0c02b7397245638071b62ae4d6c721460a9bba1_adv.drebin,0.0,1.0,0
732,fe97b71b51fdff25703077e8908847089f11371b4aca511756327f8fc343e30f_adv.drebin,0.0,1.0,0
733,73fc74337b516ea74ccc1cdfe647d18ed39f88b9c8993aa02dc61654abca4938_adv.drebin,0.0,1.0,0
734,fb048e5c4d31f5ce19ac9b15e620cfdf6de47ab23a6711f5cb2cc2993a76b5ae_adv.drebin,0.0,1.0,0
735,bb62413eca0628039bd54c7cebfc0f460ffb4a15981410d492e7fe89057e15c4_adv.drebin,0.0,1.0,0
736,0d479abe853fcdc8bdb07023f13df79922fcea78b960391ec2a0c1722c2a4ac5_adv.drebin,0.0,1.0,0
737,56b0009e7c8ff989a53ed04298ae34aa1eb0bb8375bdbef2f655cb5b6a8a5a40_adv.drebin,0.0,1.0,0
738,ef929b3c054eaba92bb85f5c9f8520bf9e8d9a5a16b904af348ad8081a6ea0a6_adv.drebin,0.0,1.0,0
739,e03bc742338d6f71548debc6f39b693f87ad847422c81f30f3116246b04b27cd_adv.drebin,0.0,1.0,0
740,37d2af6588343d813bac06d8db964491e04cd1fb933dfcdd7e940c0c47975bde_adv.drebin,0.0,1.0,0
741,84b5e983a1da95b1aa08f7a43ac96aa836b6c9382ed357f85934db6781d0228f_adv.drebin,0.0,1.0,0
742,365b4daf45f7306879fcf15eca4c579423746e517a31f3f8b3a6a7d30da46369_adv.drebin,0.0,1.0,0
743,b9c2a70661f875388dff672362e811ee9fdf4374c1b6edb8a1c46b5690d89189_adv.drebin,0.0,1.0,0
744,aaa2fd1edd5deb06a2c79eb1c920d2f0ceb1435131089841ae3bdb0aecf415b4_adv.drebin,0.0,1.0,0
745,926f0241ed053a4f4aef566ab780f31d10e5093ee26825e3889f0cb8af824291_adv.drebin,0.0,1.0,0
746,51bde798180a824de1fe0f6de45d6f841def71891e54bbf4afcf5ef265deaad5_adv.drebin,0.0,1.0,0
747,b592e55ae16ba0960e74c0617ee385fc08aaf2bd9817e0c46ea9ef7030bef772_adv.drebin,0.0,1.0,0
748,3c1d19abedf31fb18e2d134945678d1c9c7bd460e2cb4cc43a1880c34fb55c2b_adv.drebin,0.0,1.0,0
749,00453ca8895fd43a2509e3b731ceef37a337fe61a36db3ece0f2952e3edeebc8_adv.drebin,0.0,1.0,0
750,5f48930cfb460b8e9225daf405c11228787d835890249e3efb6267b2dfe447d0_adv.drebin,0.0,1.0,0
751,e7cce432d3240a5a067226058a741a5af9372b54e42f7164953f5e73298b8157_adv.drebin,0.0,1.0,0
752,10179bc07e4cd533593b36504de0c0ba082a4a6bc8bfb78043c5850f79bc7a3c_adv.drebin,0.0,1.0,0
753,9726175aa221ba22d9ce07d1665d5a6172c4e4bda1aeb3b5e44e5f06a4d9ec47_adv.drebin,0.0,1.0,0
754,7f3b99e6873d3aa44bfd49b50d53e83577050d4fbb9474bc948fb0fb1d108739_adv.drebin,0.0,1.0,0
755,329b6e8c73880e0c938d403aa9fcfd0ba5d9613b7136f833d50cc2add7e9558f_adv.drebin,0.0,1.0,0
756,08d9d6656dd86641b2d5364e96f9bd846e33836c67b9f2ab86a46ba22a0a2ae1_adv.drebin,0.0,1.0,0
757,73e2454173bc6e593ccc52c0677cf78e413a2a434c51486bf7ecc40f70018adb_adv.drebin,0.0,1.0,0
758,ae7a20692250f85d7a2ed205994f2d26f2d695aef15a9356938454bccbbbd069_adv.drebin,0.0,1.0,0
759,f25a56ff8da483162d7136e79fceb3336e3db3b2f4b440fd73042768e580d181_adv.drebin,0.0,1.0,0
760,3ddcdc882166b87d3db9d5cc21ccd4c7009e1f134edeebf2846356fbeefd5b9c_adv.drebin,0.0,1.0,0
761,55d725a0f423ba52f99edca9cd06c1fdaf20c24f5407a7d20db72601c39fee9b_adv.drebin,0.0,1.0,0
762,612aa197794bc4c88bd7dbed41a9b13b9969befb645761fa384b1a567a50ceee_adv.drebin,0.0,1.0,0
763,4c1c61280314ff2223c40a62c8b0365b96e6621c729b835ae539837f37e8c051_adv.drebin,0.0,1.0,0
764,70413374b17321498e74d9c8f52346592ffe204930d3e253d822efabc509424e_adv.drebin,0.0,1.0,0
765,097075e67e8b3af0290175e3a34ebd587d4351294682e3b01274e6a9767d8caf_adv.drebin,0.0,1.0,0
766,dd2a1d1dd304307740c9834a46948d13896418396ff5ffcca9c6825a4e8de126_adv.drebin,0.0,1.0,0
767,bc012d992e854c9ec65c2716bb602c1d461e6d710da4ed616c7e992d6bce49ed_adv.drebin,0.0,1.0,0
768,b79a3cdeab99437b00857aab8a00a26420fc284a0910bad6b3184635d669abf1_adv.drebin,0.0,1.0,0
769,a6d884337392e78e2595a8e2fa89ce36eb91fed1f5842f8f7d0941c96ffdcdfc_adv.drebin,0.0,1.0,0
770,14ebc4e9c7c297f3742c41213938ee01fd198dd4f4a5f188bbbb6ffcf4db5f14_adv.drebin,0.0,1.0,0
771,95d226bb1a1588cc5f9fa340f4985369b8ab856fd09192d12016e2b82ee43816_adv.drebin,0.0,1.0,0
772,ee5a46aef2c8de91dcf82d346fdcfb9f4d81f74ea9b02406cf71d830b68f505d_adv.drebin,0.0,1.0,0
773,9408e088c585672628971d8c09ade6fd3266cbfdbd8e413be126b8241fb523f2_adv.drebin,0.0,1.0,0
774,efe368b0131387125f61f1e260a60140598ba8660cc29fe52f6b98f92dc08405_adv.drebin,0.0,1.0,0
775,95f3e1316f9920c7a30e2c3673982e052a98512d0b1a3deef126b20a16c27c85_adv.drebin,0.0,1.0,0
776,174758d24eacc64e82d1caf5b9bacdd246b95cf76f5b63d85b0a42e29ce651f5_adv.drebin,0.0,1.0,0
777,679e7d56d7ef6bf2f5ee18ba51e376fcca610898c3c9b7023e03b4ee570dd9a4_adv.drebin,0.0,1.0,0
778,b566dbaff29ba1b99d26d85e0b592d217f75c060bae88c0246e034ebcd1f638a_adv.drebin,0.0,1.0,0
779,b507af69805b44470dee6466a3855adc72b56f6dbe400cdc68f09db5f2485679_adv.drebin,0.0,1.0,0
780,fac847e05559c25a2a2caa5ae766f731b1262e381a545c86b00735ffbf23adef_adv.drebin,0.0,1.0,0
781,d5e302134c463ff3c58bdc135f8fcbb0c5ada4ba5a9dd2368fe29e46ccb1347d_adv.drebin,0.0,1.0,0
782,ad11e6f7e83bbacf1c17233769324569720e98ddfb4692197a13453d50a57516_adv.drebin,0.0,1.0,0
783,64e9fc6340a0d40102de7ee3b61fc20d1b26271a427db40f0a062cad68b7ab8f_adv.drebin,0.0,1.0,0
784,1159699e6862f9012ccfa72f28bec75190540a39f651487d15cea6f42ec88b32_adv.drebin,0.0,1.0,0
785,786635d1f5e2f4f7d9044921224082d4129a781f2773cfb1e1d3e559baa5f0db_adv.drebin,0.0,1.0,0
786,731d7d0da0b7df78acb8a34d66f23b5f4c34aeb253e11b82dc4568172ad102f5_adv.drebin,0.0,1.0,0
787,12c43d0cfefa0b546632e2f45b3e6f97075425d06e01e7dfc4d20d4d6e3bcad0_adv.drebin,0.0,1.0,0
788,545e1a911da1071d79d9c40e945480fd9d5ba051472991819f8eb2644c5a6f3d_adv.drebin,0.0,1.0,0
789,9eb9077934eceb551ad9fa3e255704ce9d90d6519a382a11589285fe87102af5_adv.drebin,0.0,1.0,0
790,b218b349aa6331ebfaaa56c35ac74aef3fcd55858d6359ff4be883f8a7000e40_adv.drebin,0.0,1.0,0
791,c17ca0937891974d852f619d3b7be5defc79c6d7bf6f3beeebb991e684563902_adv.drebin,0.0,1.0,0
792,b13f8756ab45c2a80841ba3e80b37580848282a16f16578c64d3f667da2c3c8c_adv.drebin,0.0,1.0,0
793,a2c0b8cf04f4e4ffc3a7b7c093a273a3828f8cb010ecd1fdf7479f0dae54707e_adv.drebin,0.0,1.0,0
794,c281ea98101c21660e2b8c060de9dc7b521b659158c452bef5016650386cfb2c_adv.drebin,0.0,1.0,0
795,a3d4acc2916e66f4bb789cea07a805a8aaff461b962438723117f502bedbb504_adv.drebin,0.0,1.0,0
796,fa8cec0e8927c172c84e343797921bf63bf183896bdf913fe41a810263d89a6e_adv.drebin,0.0,1.0,0
797,512c22e678dd4638d893e63d71946c260881e7cecbe3b4b96ff71831292f87a8_adv.drebin,0.0,1.0,0
798,47ad63ccc161a07eb761fba5c4d140bf01473d2ff947c7542b7eaabf2e100576_adv.drebin,0.0,1.0,0
799,845570ceffeeb13fcabb697c790619045e9aea431b17514c1369fff07a0f7281_adv.drebin,0.0,1.0,0
800,57444d99e446cecb94705366579841755e5b060cb2ade8462dcfca85c50cbfcd_adv.drebin,0.0,1.0,0
801,70b475736ddbe13f9ac01dae744a90bfccde41da3442e4f59a5182a6a22ffedd_adv.drebin,0.0,1.0,0
802,d846f593c4a63614d2810a10f14196a1da43b8bfdc60f6c781a63cf8fcfd632e_adv.drebin,0.0,1.0,0
803,67d2d7f3629afe375c08869fcf8db84c62723cbafd58c205d60da917adbcc1fc_adv.drebin,0.0,1.0,0
804,f56edec6e83bb7fdcab13ceaa14c6129f6c2652f64ad21e2f54b5c5d8c72c00e_adv.drebin,0.0,1.0,0
805,40d388650d95cfafab9150b010d43426724acbd0a7013d4196704b7035b17bee_adv.drebin,0.0,1.0,0
806,4735ba2dfbdbb0f1e9a286da83155760c77dcce1bea9c4032ffd39792b251898_adv.drebin,0.0,1.0,0
807,298c90b074995d01efc294b7dc4c6155e7f0cb04c44b44e222f8e8cb2f510017_adv.drebin,0.0,1.0,0
808,c8a91fa182856c78c33f49085e46bee9eb654a4460d6760bb3c55708ded5f2d8_adv.drebin,0.0,1.0,0
809,7683fac4df0905d31a5643f55f9db245fe7e8db58c1ec01f71f4b9be5d211850_adv.drebin,0.0,1.0,0
810,2fea3bcb85dda759881d9b245251bff405ae5afcd87c9aeaa2c591b04c7b1c2f_adv.drebin,0.0,1.0,0
811,e0cab5bdee08ffcec684ced511d12fdef39a6be656572c7b3398d9b652a71008_adv.drebin,0.0,1.0,0
812,2ac0adef56706fec58c1deaee0873c37000b1230ac4869842db234d65ec48916_adv.drebin,0.0,1.0,0
813,23e6930fe2275b0405c749ce3bde6bd20323615abf9a592f89088836abe806e6_adv.drebin,0.0,1.0,0
814,1261a70b16ed9ed97b101ff9fd1589942f1c8b21a329979ad921b4bfb2e55dbf_adv.drebin,0.0,1.0,0
815,8e010d8daeb6073a0e1675447c407d672af9e0f42102221a74ac0b05082cc6ed_adv.drebin,0.0,1.0,0
816,d99c939b041b9f3fe1b768f0955e73a80146a893fb4f02eefb5be57f3f699f76_adv.drebin,0.0,1.0,0
817,88faf677ea6f499065be85156eab6b6fb4d9c6b2c091b5b02d112184523f604f_adv.drebin,0.0,1.0,0
818,1d5791bfa8d4097bb3ba4ac91fbbb519cdfca523b25edd63704a0e78876b7c0e_adv.drebin,0.0,1.0,0
819,39b78e89278c1cb5698f6b213e8a01c848250779ac0abc3bc5f0fac610629bf6_adv.drebin,0.0,1.0,0
820,4eaa3a6ceb9bdb5d2fef915cd692b1fe8947dbe4599e91f57db783efcddeec76_adv.drebin,0.0,1.0,0
821,8603672f4d02f3aa733db34313b9d146758e8b28e133eb4edb31781ca5847610_adv.drebin,0.0,1.0,0
822,fc8dce18cfcd72ff9496e43b1f21b5dce4302b0bd26e0c321d5b04039e23c0f8_adv.drebin,0.0,1.0,0
823,b03a8fc6d508e16652b07fb0c3418ce04bd9a3c8e47a3b134615c339e6e66bf7_adv.drebin,0.0,1.0,0
824,9deec09720baf4e96a009a0a5819f7856d32d19cb5d6077713689a1eec782936_adv.drebin,0.0,1.0,0
825,48314c51ed91e5fb4e94a7af4ab0a4a330f4a4c6857052c34e93ef1eae8a7209_adv.drebin,0.0,1.0,0
826,ef89022c90002cebf8611f889619e10eebdd13e5753a197d721c57e01b621e69_adv.drebin,0.0,1.0,0
827,0ba73fb2257f2c1794a47c0295750c2b8cb914cbf177bd708e7d10539286d9e1_adv.drebin,0.0,1.0,0
828,5fab491d8163104180be3919ad27331ad0f54fa1332aeac481b34a3d9f113418_adv.drebin,0.0,1.0,0
829,224cf5c87106a1af04454fbdd61978472b1cc4dabab2c52c6ccea1c5023edc21_adv.drebin,0.0,1.0,0
830,3357ca7ad09eee8391d7392e1ac73ec6ed173d092d34c061eb240bb9eb12d837_adv.drebin,0.0,1.0,0
831,d031bae30ec5e287d5aa75d79841da63c9bd77b53c8ed1eb75d1036f4b7260a2_adv.drebin,0.0,1.0,0
832,ac1fcb0850bf239a1cb1e9b5ca22b8d965846badd2cc01c59882e42a86647c07_adv.drebin,0.0,1.0,0
833,fe3e8ee99c3144999d464eb1e43405cb6faa9717c4ce4be010e09007fcdd4544_adv.drebin,0.0,1.0,0
834,0233609ed1eef056af2b3218d0fd914bdaab4dabf5694d4692e20f0d7f3dc19d_adv.drebin,0.0,1.0,0
835,7a51665db42a07411486017575c7e13c0cc6a4f19bbefaa79c4d28919c884765_adv.drebin,0.0,1.0,0
836,05ed925cc4e05d71b21d862affdf2f0d066e1b4eecec3e4da02219125977a7af_adv.drebin,0.0,1.0,0
837,570bca26a789e56343fbb314a12dc90ee96994b8e089252dc6d8f1a536266254_adv.drebin,0.0,1.0,0
838,6618df0a4473b835763734a3bbaeb2dc450818eb410129a6465741d9ae1fcdc5_adv.drebin,0.0,1.0,0
839,2ff8e74ffed70aacb6029f34fc2a68a7d778a0c169c808cf007bd4aa662b4a55_adv.drebin,0.0,1.0,0
840,f3d4d8da10c42480cc9e9c8256f0f9094a04e8e8b7195e583ec097583b8e319c_adv.drebin,0.0,1.0,0
841,4409440d39c07dd466150df6995161de893813074b2448b115c0af3b65bfa841_adv.drebin,0.0,1.0,0
842,f6f9cae987d50d6cf3af47f52e7b1d4b1707d3bbebf56e41e09894821ded8408_adv.drebin,0.0,1.0,0
843,2de9ff3a5424c796e2bdfbfae637abe7a0306bc399dbd7e287ee6dbe0d9795f3_adv.drebin,0.0,1.0,0
844,164b2dbcc66ed3540a55eef81aa6898b462ffd23a25747de089fac91880880c9_adv.drebin,0.0,1.0,0
845,37f744e08603d370514a1f3e41a657ea3f9076e5faea7ddd3edd997cc6950fba_adv.drebin,0.0,1.0,0
846,388d67fda36ebf895b99206455cc6964afee7df7c73ae91348cd2f8c2c78be7a_adv.drebin,0.0,1.0,0
847,8b92e7e9e0dea6d8225da4d39626d50c8cbaf2604ea71f6561f38764c131e9ab_adv.drebin,0.0,1.0,0
848,921398cab5f5f6156a2bdc68f7e54d50c08b7f66f6705092db318ea7fee116f4_adv.drebin,0.0,1.0,0
849,1371b0638c81821721a090e8a2fb3b671fc1b7b5b6ec300c5b3bccb0013f21b6_adv.drebin,0.0,1.0,0
850,7950e30ad321d3f7ebd97a253db3cf5fa47ba2a399d6de4ad78c720d27215e36_adv.drebin,0.0,1.0,0
851,e4b074fe31881e0af48d2f660b52c174f4580d2bb56700db6575d1a9dc6c6d3a_adv.drebin,0.0,1.0,0
852,0d09485e80c6a047c39ba1dfd00a1a72f42ad8c46e66436ed3c6713ffc8f716c_adv.drebin,0.0,1.0,0
853,f4baa0b130f9d1dd2f876884e7ad3953fe29ee188bbb81babfab231c056f01e4_adv.drebin,0.0,1.0,0
854,360f9073c795610c6c7e89a329b684a469012c973a22ad6142159afb7e9b5df5_adv.drebin,0.0,1.0,0
855,e1598d8e6acb5003509b9ef76753b99ca965847a1f25d60d3380f30072130811_adv.drebin,0.0,1.0,0
856,998b1d07d2e42add3e30b7a7f7e838d83e9740bcf4c0a9b9d059adcb7e2e4ea8_adv.drebin,0.0,1.0,0
857,f391cc4ea5961d649bc62a0466560dc76eaebcf26f0c8452c671c2d2b34361b8_adv.drebin,0.0,1.0,0
858,436205d257903494ac401377a370e62aba7d416fd7b5ceed7abc82c76ea3a103_adv.drebin,0.0,1.0,0
859,c843a089ea3ab421c951549b7691e644fbd01a7ea5ffd5eac0da26a7ada7950c_adv.drebin,0.0,1.0,0
860,b5123f1f5c0997098d2a427deee08567ce24f821aeddaf11c705f1c2c8e64fa9_adv.drebin,0.0,1.0,0
861,ec0e0d25aa1de4f38894fb1999d6f21535610ffba15423a02ec993fea1561c66_adv.drebin,0.0,1.0,0
862,a325de4f7218a0a46906207000ccbb1ee2dfd699cbe646aa5aea07088207e2ed_adv.drebin,0.0,1.0,0
863,ac6fc1cbf61a6d7980d01199d63aa46b78db4ac9cb3235c85ea9bb74d856dcbd_adv.drebin,0.0,1.0,0
864,21748330eac548b0f72c3d171e1c1c6b8a7c441cb6f1800805d12418ff315bc5_adv.drebin,0.0,1.0,0
865,25419eb7181375dabddf8830dcb654ba93ae73e72f41cf1a9aff26fff350ffef_adv.drebin,0.0,1.0,0
866,1ed6ac180386d0fb61ae05e832f475228ca414c34f3f9c6c0cda1c63d92dd9f5_adv.drebin,0.0,1.0,0
867,4404b23833f98d6453d00987934413b44b6742b356fb655ccfb8dfdc8fd2f556_adv.drebin,0.0,1.0,0
868,2b9b6ba3b97bc8cfe0bc1aaf5aa4e053ffc5b77d2da0a78a563adb270cd4d9fe_adv.drebin,0.0,1.0,0
869,2c0c697f1adb39d2121ca123bdcbe82824be7f0618ebf551a5e514eedbb2f76b_adv.drebin,0.0,1.0,0
870,acce1154630d327ca9d888e0ecf44a1370cf42b3b28a48446a9aaaec9ec789c3_adv.drebin,0.0,1.0,0
